195.6,37.68,2.16,0.72,-42.72
195.663657524474,37.6415615134483,2.16829006867225,0.792888602751073,-42.7423712913467
195.727315048947,37.6031230268965,2.17658013734446,0.865777205502145,-42.7647425826935
195.790972573421,37.5646845403448,2.18487020601672,0.938665808253218,-42.7871138740402
195.854630097894,37.526246053793,2.19316027468894,1.01155441100428,-42.8094851653869
195.918287622368,37.4878075672413,2.20145034336118,1.08444301375535,-42.8318564567337
195.981945146841,37.4493690806896,2.2097404120334,1.15733161650642,-42.8542277480804
196.045602671315,37.4109305941378,2.21803048070565,1.23022021925749,-42.8765990394271
196.109260195788,37.3724921075861,2.22632054937789,1.30310882200855,-42.8989703307739
196.172917720262,37.3340536210344,2.23461061805012,1.37599742475964,-42.9213416221206
196.236575244736,37.2956151344826,2.24290068672236,1.44888602751071,-42.9437129134674
196.300232769209,37.2571766479309,2.25119075539457,1.52177463026177,-42.9660842048141
196.363890293683,37.2187381613791,2.25948082406683,1.59466323301286,-42.9884554961608
196.427547818156,37.1802996748274,2.26777089273906,1.66755183576392,-43.0108267875076
196.49120534263,37.1418611882757,2.27606096141129,1.74044043851499,-43.0331980788543
196.554862867103,37.1034227017239,2.28435103008353,1.81332904126605,-43.055569370201
196.618520391577,37.0649842151722,2.29264109875576,1.88621764401712,-43.0779406615478
196.682177916051,37.0265457286205,2.30093116742802,1.95910624676821,-43.1003119528945
196.745835440524,36.9881072420687,2.30922123610023,2.03199484951926,-43.1226832442412
196.809492964998,36.949668755517,2.31751130477247,2.10488345227034,-43.145054535588
196.873150489471,36.9112302689653,2.32580137344471,2.17777205502141,-43.1674258269347
196.936808013945,36.8727917824135,2.33409144211694,2.2506606577725,-43.1897971182815
197.000465538418,36.8343532958618,2.34238151078917,2.32354926052354,-43.2121684096282
197.064123062892,36.79591480931,2.35067157946142,2.39643786327463,-43.2345397009749
197.127780587365,36.7574763227583,2.35896164813364,2.46932646602569,-43.2569109923217
197.191438111839,36.7190378362066,2.36725171680588,2.54221506877676,-43.2792822836684
197.255095636313,36.6805993496548,2.37554178547813,2.61510367152784,-43.3016535750152
197.318753160786,36.6421608631031,2.38383185415036,2.6879922742789,-43.3240248663619
197.38241068526,36.6037223765514,2.39212192282259,2.76088087702998,-43.3463961577086
197.446068209733,36.5652838899996,2.40041199149482,2.83376947978104,-43.3687674490554
197.509725734207,36.5268454034479,2.40870206016705,2.90665808253211,-43.3911387404021
197.57338325868,36.4884069168961,2.4169921288393,2.97954668528318,-43.4135100317488
197.637040783154,36.4499684303444,2.42528219751154,3.05243528803427,-43.4358813230956
197.700698307628,36.4115299437927,2.43357226618377,3.12532389078531,-43.4582526144423
197.764355832101,36.3730914572409,2.441862334856,3.1982124935364,-43.480623905789
197.828013356575,36.3346529706892,2.45015240352822,3.27110109628748,-43.5029951971358
197.891670881048,36.2962144841375,2.45844247220047,3.34398969903853,-43.5253664884825
197.955328405522,36.2577759975857,2.4667325408727,3.41687830178963,-43.5477377798292
198.018985929995,36.219337511034,2.47502260954493,3.48976690454067,-43.570109071176
198.082643454469,36.1808990244822,2.48331267821716,3.56265550729175,-43.5924803625227
198.146300978942,36.1424605379305,2.49160274688942,3.63554411004282,-43.6148516538694
198.209958503416,36.1040220513788,2.49989281556165,3.70843271279389,-43.6372229452162
198.27361602789,36.065583564827,2.50818288423388,3.78132131554498,-43.6595942365629
198.337273552363,36.0271450782753,2.51647295290612,3.85420991829604,-43.6819655279096
198.400931076837,35.9887065917236,2.52476302157835,3.92709852104711,-43.7043368192564
198.46458860131,35.9502681051718,2.5330530902506,3.99998712379818,-43.7267081106031
198.528246125784,35.9118296186201,2.54134315892284,4.07287572654926,-43.7490794019499
198.591903650257,35.8733911320683,2.54963322759507,4.1457643293003,-43.7714506932966
198.655561174731,35.8349526455166,2.55792329626729,4.21865293205139,-43.7938219846433
198.719218699204,35.7965141589649,2.56621336493953,4.29154153480245,-43.8161932759901
198.782876223678,35.76,2.57450343361176,4.36443013755353,-43.8385645673368
198.846533748152,35.76,2.58279350228399,4.43731874030462,-43.8609358586835
198.910191272625,35.76,2.59108357095623,4.51020734305566,-43.8833071500303
198.973848797099,35.76,2.59937363962847,4.58309594580674,-43.905678441377
199.037506321572,35.76,2.60766370830072,4.65598454855781,-43.9280497327238
199.101163846046,35.76,2.61595377697295,4.72887315130888,-43.9504210240705
199.164821370519,35.76,2.62424384564518,4.80176175405994,-43.9727923154172
199.228478894993,35.76,2.63253391431741,4.87465035681103,-43.995163606764
199.292136419467,35.76,2.64082398298964,4.94753895956208,-44.0175348981107
199.35579394394,35.76,2.64911405166187,5.02042756231317,-44.0399061894574
199.419451468414,35.76,2.65740412033412,5.09331616506423,-44.0622774808042
199.483108992887,35.76,2.66569418900635,5.1662047678153,-44.0846487721509
199.546766517361,35.76,2.67398425767859,5.23909337056637,-44.1070200634976
199.610424041834,35.76,2.68227432635083,5.31198197331745,-44.1293913548444
199.674081566308,35.76,2.69056439502306,5.38487057606852,-44.1517626461911
199.737739090781,35.76,2.6988544636953,5.45775917881959,-44.1741339375379
199.801396615255,35.76,2.70714453236753,5.53064778157065,-44.1965052288846
199.865054139729,35.76,2.71543460103978,5.60353638432172,-44.2188765202313
199.928711664202,35.76,2.72372466971201,5.6764249870728,-44.2412478115781
199.992369188676,35.76,2.73201473838424,5.74931358982387,-44.2636191029248
200.056026713149,35.76,2.74030480705647,5.82220219257494,-44.2859903942715
200.119684237623,35.76,2.7485948757287,5.89509079532601,-44.3083616856183
200.183341762096,35.76,2.75688494440094,5.96797939807709,-44.330732976965
200.24699928657,35.76,2.76517501307317,6.04086800082816,-44.3531042683117
200.310656811044,35.76,2.77346508174541,6.11375660357923,-44.3754755596585
200.374314335517,35.76,2.78175515041764,6.18664520633029,-44.3978468510052
200.437971859991,35.76,2.79004521908989,6.25953380908138,-44.4202181423519
200.501629384464,35.76,2.79833528776212,6.33242241183244,-44.4425894336987
200.565286908938,35.76,2.80662535643435,6.40531101458349,-44.4649607250454
200.628944433411,35.76,2.8149154251066,6.47819961733457,-44.4873320163922
200.692601957885,35.76,2.82320549377883,6.55108822008565,-44.5097033077389
200.756259482358,35.76,2.83149556245107,6.62397682283671,-44.5320745990856
200.819917006832,35.76,2.8397856311233,6.69686542558778,-44.5544458904324
200.883574531306,35.76,2.84807569979554,6.76975402833886,-44.5768171817791
200.947232055779,35.76,2.85636576846777,6.84264263108993,-44.5991884731258
201.010889580253,35.76,2.86465583714,6.915531233841,-44.6215597644726
201.074547104726,35.76,2.87294590581223,6.98841983659206,-44.6439310558193
201.1382046292,35.76,2.88123597448446,7.06130843934315,-44.666302347166
201.201862153673,35.76,2.88952604315669,7.13419704209422,-44.6886736385128
201.265519678147,35.76,2.89781611182892,7.20708564484528,-44.7110449298595
201.329177202621,35.76,2.90610618050118,7.27997424759636,-44.7334162212062
201.392834727094,35.76,2.91439624917341,7.35286285034742,-44.755787512553
201.456492251568,35.76,2.92268631784565,7.42575145309848,-44.7781588038997
201.520149776041,35.76,2.9309763865179,7.49864005584957,-44.8005300952465
201.583807300515,35.76,2.93926645519014,7.57152865860064,-44.8229013865932
201.647464824988,35.76,2.94755652386237,7.6444172613517,-44.8452726779399
201.711122349462,35.76,2.9558465925346,7.71730586410277,-44.8676439692867
201.774779873935,35.76,2.96413666120683,7.79019446685384,-44.8900152606334
201.838437398409,35.76,2.97242672987906,7.86308306960492,-44.9123865519801
201.902094922883,35.76,2.98071679855129,7.93597167235599,-44.9347578433269
201.965752447356,35.76,2.98900686722352,8.00886027510706,-44.9571291346736
202.02940997183,35.76,2.99729693589576,8.08174887785814,-44.9795004260204
202.093067496303,35.76,3.00558700456799,8.15463748060919,-45.0018717173671
202.156725020777,35.76,3.01387707324022,8.22752608336027,-45.0242430087138
202.22038254525,35.76,3.02216714191248,8.30041468611134,-45.0466143000606
202.284040069724,35.76,3.03045721058471,8.37330328886241,-45.0689855914073
202.347697594197,35.76,3.03874727925694,8.44619189161347,-45.091356882754
202.411355118671,35.76,3.04703734792917,8.51908049436456,-45.1137281741008
202.475012643145,35.76,3.05532741660143,8.59196909711562,-45.1360994654475
202.538670167618,35.76,3.06361748527366,8.66485769986669,-45.1584707567942
202.602327692092,35.76,3.07190755394589,8.73774630261777,-45.180842048141
202.665985216565,35.76,3.08019762261813,8.81063490536883,-45.2032133394877
202.729642741039,35.76,3.08848769129036,8.88352350811991,-45.2255846308344
202.793300265512,35.76,3.09677775996259,8.95641211087096,-45.2479559221812
202.856957789986,35.76,3.10506782863482,9.02930071362205,-45.2703272135279
202.92061531446,35.76,3.11335789730705,9.10218931637311,-45.2926985048747
202.984272838933,35.76,3.12,9.17507791912418,-45.3150697962214
203.047930363407,35.76,3.12,9.24796652187527,-45.3374410875681
203.11158788788,35.76,3.12,9.32085512462633,-45.3598123789149
203.175245412354,35.76,3.12,9.36,-45.36
203.238902936827,35.76,3.12,9.36,-45.36
203.302560461301,35.76,3.12,9.36,-45.36
203.366217985774,35.76,3.12,9.36,-45.36
203.429875510248,35.76,3.12,9.36,-45.36
203.493533034722,35.76,3.12,9.36,-45.36
203.52,35.76,3.12,9.36,-45.36
203.52,35.7824254150648,3.12,9.36,-45.36
203.52,35.8220651043213,3.12,9.36,-45.36
203.52,35.8617047935778,3.12,9.36,-45.36
203.52,35.9013444828343,3.12,9.36,-45.36
203.52,35.9409841720907,3.12,9.36,-45.36
203.52,35.9806238613472,3.12,9.36,-45.36
203.52,36.0202635506037,3.12,9.36,-45.36
203.52,36.0599032398602,3.12,9.36,-45.36
203.52,36.0995429291167,3.12,9.36,-45.36
203.52,36.1391826183731,3.12,9.36,-45.36
203.52,36.1788223076296,3.12,9.36,-45.36
203.52,36.2184619968861,3.12,9.36,-45.36
203.52,36.2581016861426,3.12,9.36,-45.36
203.52,36.2977413753991,3.12,9.36,-45.36
203.52,36.3373810646556,3.12,9.36,-45.36
203.52,36.377020753912,3.12,9.36,-45.36
203.52,36.4166604431685,3.12,9.35368402485276,-45.36
203.52,36.456300132425,3.12,9.33748655757474,-45.36
203.52,36.4959398216815,3.12,9.32128909029673,-45.36
203.52,36.5355795109379,3.12,9.30509162301871,-45.36
203.52,36.5752192001944,3.12,9.28889415574069,-45.36
203.52,36.6148588894509,3.12,9.27269668846268,-45.36
203.52,36.6544985787074,3.12,9.25649922118467,-45.36
203.52,36.6941382679639,3.12,9.24030175390664,-45.36
203.52,36.7337779572203,3.12,9.22410428662863,-45.36
203.52,36.7734176464768,3.12,9.20790681935062,-45.36
203.52,36.8130573357333,3.12,9.19170935207261,-45.36
203.52,36.8526970249898,3.12,9.17551188479458,-45.36
203.52,36.8923367142463,3.12,9.15931441751657,-45.36
203.52,36.9319764035027,3.12,9.14311695023856,-45.36
203.52,36.9716160927592,3.12,9.12691948296053,-45.36
203.52,37.0112557820157,3.12,9.11072201568252,-45.36
203.52,37.0508954712722,3.12,9.09452454840451,-45.36
203.52,37.0905351605287,3.12,9.0783270811265,-45.36
203.52,37.1301748497851,3.12,9.06212961384847,-45.36
203.52,37.1698145390416,3.12,9.04593214657045,-45.36
203.52,37.2094542282981,3.12,9.02973467929245,-45.36
203.52,37.2490939175546,3.12,9.01353721201443,-45.36
203.52,37.288733606811,3.12,8.9973397447364,-45.36
203.52,37.3283732960675,3.12,8.9811422774584,-45.36
203.52,37.368012985324,3.12,8.96494481018038,-45.36
203.52,37.4076526745805,3.12,8.94874734290235,-45.36
203.52,37.447292363837,3.12,8.93254987562435,-45.36
203.52,37.4869320530934,3.12,8.91635240834633,-45.36
203.52,37.5265717423499,3.12,8.90015494106832,-45.36
203.52,37.5662114316064,3.12,8.88395747379031,-45.36
203.52,37.6058511208629,3.12,8.86776000651229,-45.36
203.52,37.6454908101194,3.12,8.85156253923427,-45.36
202.924522769733,37.6851304993758,3.12,8.83536507195626,-45.36
201.923309937103,37.7247701886323,3.12,8.81916760467825,-45.36
200.922097104474,37.7644098778888,3.12,8.80297013740022,-45.36
199.920884271844,37.8040495671453,3.12,8.78677267012221,-45.36
198.919671439215,37.8436892564018,3.12,8.77057520284418,-45.36
197.918458606586,37.8833289456582,3.12,8.75437773556619,-45.36
196.917245773956,37.9229686349147,3.12,8.73818026828816,-45.36
195.916032941327,37.9626083241712,3.12,8.72198280101014,-45.36
194.914820108697,38.0022480134277,3.12,8.70578533373214,-45.36
193.913607276068,38.0418877026841,3.12,8.68958786645411,-45.36
192.912394443439,38.0815273919406,3.12,8.67339039917609,-45.36
191.911181610809,38.1211670811971,2.98830813482864,8.65719293189809,-45.36
190.90996877818,38.1608067704536,2.74640566074867,8.64099546462006,-45.36
189.90875594555,38.2004464597101,2.50450318666872,8.62479799734204,-45.36
188.907543112921,38.2400861489665,2.26260071258876,8.60860053006403,-45.36
187.906330280292,38.279725838223,2.0206982385088,8.59240306278602,-45.36
186.905117447662,38.3193655274795,1.77879576442885,8.57620559550799,-45.36
185.903904615033,38.359005216736,1.53689329034887,8.56000812822998,-45.36
184.902691782403,38.3986449059924,1.29499081626893,8.54381066095197,-45.36
183.901478949774,38.4382845952489,1.05308834218897,8.52761319367396,-45.36
182.900266117145,38.4779242845054,0.811185868109014,8.51141572639594,-45.36
181.899053284515,38.5175639737619,0.569283394029062,8.49521825911792,-45.36
180.897840451886,38.5572036630184,0.327380919949096,8.47902079183992,-45.36
179.896627619256,38.5968433522749,0.0854784458691438,8.4628233245619,-45.36
178.895414786627,38.6364830415313,-0.156424028210809,8.44662585728387,-45.36
177.894201953998,38.6761227307878,-0.398326502290774,8.43042839000586,-45.36
176.892989121368,38.7157624200443,-0.640228976370727,8.41423092272785,-45.36
175.891776288739,38.7554021093008,-0.882131450450679,8.39803345544982,-45.36
174.89056345611,38.7950417985572,-1.12403392453064,8.38183598817182,-45.36
173.88935062348,38.8346814878137,-1.3659363986106,8.3656385208938,-45.36
172.888137790851,38.8743211770702,-1.60783887269054,8.34944105361577,-45.36
171.886924958221,38.9139608663267,-1.84974134677052,8.33324358633778,-45.36
170.885712125592,38.9536005555832,-2.09164382085047,8.31704611905975,-45.36
169.884499292963,38.9932402448396,-2.33354629493042,8.30084865178175,-45.36
168.883286460333,39.0328799340961,-2.57544876901037,8.28465118450373,-45.36
167.882073627704,39.0725196233526,-2.81735124309032,8.2684537172257,-45.36
166.880860795074,39.1121593126091,-3.05925371717029,8.25225624994768,-45.36
165.879647962445,39.1517990018655,-3.30115619125026,8.23605878266968,-45.36
164.878435129816,39.191438691122,-3.54305866533021,8.21986131539165,-45.36
163.877222297186,39.2310783803785,-3.78496113941016,8.20366384811366,-45.36
162.876009464557,39.270718069635,-4.02686361349011,8.18746638083563,-45.36
161.874796631927,39.3103577588915,-4.26876608757008,8.17126891355761,-45.36
160.873583799298,39.349997448148,-4.51066856165002,8.15507144627961,-45.36
159.872370966669,39.3896371374044,-4.75257103572998,8.13887397900158,-45.36
158.871158134039,39.4292768266609,-4.99447350980995,8.12267651172356,-45.36
157.86994530141,39.4689165159174,-5.2363759838899,8.10647904444556,-45.36
156.86873246878,39.5085562051739,-5.47827845796985,8.09028157716753,-45.36
155.867519636151,39.5481958944304,-5.72018093204981,8.07408410988951,-45.36
154.866306803522,39.5878355836868,-5.96208340612976,8.05788664261151,-45.36
153.865093970892,39.6274752729433,-6.20398588020972,8.04168917533349,-45.36
153.36,39.6671149621998,-6.44588835428969,8.02549170805547,-45.36
153.36,39.7067546514563,-6.68779082836963,8.00929424077745,-45.36
153.36,39.7463943407127,-6.9296933024496,7.99309677349944,-45.36
153.36,39.7860340299692,-7.17159577652953,7.97689930622144,-45.36
153.36,39.8256737192257,-7.41349825060951,7.9607018389434,-45.36
153.36,39.8653134084822,-7.65540072468947,7.94450437166539,-45.36
153.36,39.9049530977387,-7.89730319876942,7.92830690438736,-45.36
153.36,39.9445927869951,-8.13920567284938,7.91210943710935,-45.36
153.36,39.9842324762516,-8.16,7.89591196983134,-45.36
153.36,40.0238721655081,-8.16,7.87971450255333,-45.36
153.36,40.0635118547646,-8.16,7.8635170352753,-45.36
153.36,40.103151544021,-8.16,7.84731956799729,-45.36
153.36,40.1427912332775,-8.16,7.83112210071928,-45.36
153.36,40.182430922534,-8.16,7.81492463344127,-45.36
153.36,40.2220706117905,-8.16,7.79872716616324,-45.36
153.36,40.261710301047,-8.16,7.78252969888523,-45.36
153.36,40.3013499903034,-8.16,7.76633223160722,-45.36
153.36,40.3409896795599,-8.16,7.7501347643292,-45.36
153.36,40.3806293688164,-8.16,7.73393729705118,-45.36
153.36,40.4202690580729,-8.16,7.71773982977317,-45.36
153.36,40.4599087473294,-8.16,7.70154236249515,-45.36
153.36,40.4995484365859,-8.16,7.68534489521714,-45.36
153.36,40.5391881258423,-8.16,7.66914742793912,-45.36
153.36,40.5788278150988,-8.16,7.6529499606611,-45.36
153.36,40.6184675043553,-8.16,7.63675249338309,-45.36
153.36,40.6581071936118,-8.16,7.62055502610508,-45.36
153.36,40.6977468828682,-8.16,7.60435755882706,-45.36
153.36,40.7373865721247,-8.16,7.58816009154905,-45.36
153.36,40.7770262613812,-8.16,7.57196262427103,-45.36
153.36,40.8166659506377,-8.16,7.55576515699302,-45.36
153.36,40.8563056398942,-8.16,7.539567689715,-45.36
153.36,40.8959453291506,-8.16,7.52337022243698,-45.36
153.36,40.9355850184071,-8.16,7.50717275515897,-45.36
153.36,40.9752247076636,-8.16,7.49097528788096,-45.36
153.36,41.0148643969201,-8.16,7.47477782060293,-45.36
153.36,41.0545040861766,-8.16,7.45858035332492,-45.36
153.36,41.094143775433,-8.16,7.44238288604691,-45.36
153.36,41.1337834646895,-8.16,7.44,-45.36
153.36,41.173423153946,-8.16,7.44,-45.36
153.36,41.2130628432025,-8.16,7.44,-45.36
153.36,41.2527025324589,-8.16,7.44,-45.36
153.36,41.2923422217154,-8.16,7.44,-45.36
153.36,41.3319819109719,-8.16,7.44,-45.36
153.36,41.3716216002284,-8.16,7.44,-45.36
153.36,41.4112612894849,-8.16,7.44,-45.36
153.36,41.4509009787413,-8.16,7.44,-45.36
153.36,41.4905406679978,-8.16,7.44,-45.36
153.36,41.5301803572543,-8.16,7.44,-45.36
153.36,41.5698200465108,-8.16,7.44,-45.36
153.36,41.6094597357673,-8.16,7.44,-45.36
153.36,41.6490994250237,-8.16,7.44,-45.36
153.36,41.6887391142802,-8.16,7.44,-45.36
153.36,41.7283788035367,-8.16,7.44,-45.36
153.36,41.7680184927932,-8.16,7.44,-45.36
153.36,41.8076581820497,-8.16,7.44,-45.36
153.36,41.8472978713061,-8.16,7.44,-45.36
153.36,41.8869375605626,-8.16,7.44,-45.36
153.36,41.9265772498191,-8.16,7.44,-45.36
153.36,41.9662169390756,-8.16,7.44,-45.36
153.36,42.005856628332,-8.16,7.44,-45.36
153.36,42.0454963175885,-8.16,7.44,-45.36
153.36,42.085136006845,-8.16,7.44,-45.36
153.36,42.1247756961015,-8.16,7.44,-45.36
153.36,42.164415385358,-8.16,7.44,-45.36
153.36,42.2040550746144,-8.16,7.44,-45.36
153.36,42.2436947638709,-8.16,7.44,-45.36
153.36,42.2833344531274,-8.16,7.44,-45.36
153.36,42.3229741423839,-8.16,7.44,-45.36
153.36,42.3626138316404,-8.16,7.44,-45.36
153.36,42.4022535208968,-8.16,7.44,-45.36
153.36,42.4418932101533,-8.16,7.44,-45.36
153.36,42.4815328994098,-8.16,7.44,-45.36
153.36,42.5211725886663,-8.16,7.44,-45.36
153.36,42.5608122779228,-8.16,7.44,-45.36
153.36,42.6004519671792,-8.16,7.44,-45.36
153.36,42.6400916564357,-8.16,7.44,-45.36
153.36,42.6797313456922,-8.16,7.44,-45.36
153.36,42.7193710349487,-8.16,7.44,-45.36
153.36,42.7590107242051,-8.16,7.44,-45.36
153.36,42.7986504134616,-8.16,7.44,-45.36
153.36,42.8382901027181,-8.16,7.44,-45.36
153.36,42.8779297919746,-8.16,7.44,-45.36
153.36,42.9175694812311,-8.16,7.44,-45.36
153.36,42.9572091704875,-8.16,7.44,-45.36
153.36,42.996848859744,-8.16,7.44,-45.36
153.36,43.0364885490005,-8.16,7.44,-45.36
153.36,43.076128238257,-8.16,7.44,-45.36
153.36,43.1157679275135,-8.16,7.44,-45.36
153.36,43.1554076167699,-8.16,7.44,-45.36
153.36,43.1950473060264,-8.16,7.44,-45.36
153.36,43.2346869952829,-8.16,7.44,-45.36
153.36,43.2743266845394,-8.16,7.44,-45.36
153.36,43.3139663737959,-8.16,7.44,-45.36
153.36,43.3536060630523,-8.16,7.44,-45.36
153.36,43.3932457523088,-8.16,7.44,-45.36
153.36,43.4328854415653,-8.16,7.44,-45.36
153.36,43.4725251308218,-8.16,7.44,-45.36
153.36,43.5121648200783,-8.16,7.44,-45.36
153.36,43.5518045093347,-8.16,7.44,-45.36
153.36,43.5914441985912,-8.16,7.44,-45.36
153.36,43.6310838878477,-8.16,7.44,-45.36
153.36,43.6707235771042,-8.16,7.44,-45.36
153.36,43.68,-8.16,7.44,-45.36
153.36,43.68,-8.16,7.44,-45.36
153.36,43.68,-8.16,7.44,-45.36
153.36,43.68,-8.16,7.44,-45.36
153.36,43.68,-8.16,7.44,-45.36
153.36,43.68,-8.16,7.44,-45.36
153.36,43.68,-8.16,7.44,-45.36
153.36,43.68,-8.16,7.44,-45.36
153.36,43.68,-8.16,7.44,-45.36
153.36,43.68,-8.16,7.44,-45.36
153.36,43.68,-8.16,7.44,-45.36
153.36,43.68,-8.16,7.44,-45.36
153.36,43.68,-8.16,7.44,-45.36
153.36,43.68,-8.16,7.44,-45.36
153.36,43.68,-8.16,7.44,-45.36
153.36,43.68,-8.16,7.44,-45.36
153.36,43.68,-8.16,7.44,-45.36
153.36,43.68,-8.16,7.44,-45.36
153.36,43.68,-8.16,7.44,-45.36
153.36,43.68,-8.16,7.44,-45.36
153.36,43.68,-8.16,7.44,-45.36
153.36,43.68,-8.16,7.44,-45.36
153.36,43.68,-8.16,7.44,-45.36
153.36,43.68,-8.16,7.44,-45.36
153.36,43.68,-8.16,7.44,-45.36
153.36,43.68,-8.32108487037157,7.44,-45.36
153.36,43.68,-8.55454407299604,7.44,-45.36
153.36,43.68,-8.78800327562048,7.44,-45.36
153.36,43.68,-9.02146247824494,7.44,-45.36
153.36,43.68,-9.25492168086938,7.44,-45.36
153.36,43.68,-9.48838088349384,7.44,-45.36
153.36,43.68,-9.72184008611829,7.44,-45.36
153.36,43.68,-9.95529928874273,7.44,-45.36
153.36,43.68,-10.1887584913672,7.43939886371346,-45.2600610923624
153.36,43.68,-10.4222176939916,7.43794618245719,-45.0185528335056
153.36,43.68,-10.6556768966161,7.43649350120089,-44.7770445746487
153.36,43.68,-10.8891360992405,7.43504081994462,-44.535536315792
153.36,43.68,-11.122595301865,7.43358813868834,-44.2940280569351
153.36,43.68,-11.3560545044895,7.43213545743206,-44.0525197980783
153.36,43.68,-11.5895137071139,7.43068277617577,-43.8110115392215
153.36,43.68,-11.8229729097383,7.42923009491948,-43.5695032803647
153.36,43.68,-12.0564321123628,7.42777741366321,-43.3279950215079
153.36,43.68,-12.2898913149872,7.42632473240693,-43.0864867626511
153.36,43.68,-12.5233505176117,7.42487205115064,-42.8449785037943
153.36,43.68,-12.7568097202362,7.42341936989436,-42.6034702449375
153.36,43.68,-12.9902689228606,7.42196668863809,-42.3619619860807
153.36,43.68,-13.2237281254851,7.42051400738181,-42.1204537272238
153.36,43.68,-13.4571873281095,7.41906132612552,-41.878945468367
153.36,43.68,-13.690646530734,7.41760864486924,-41.6374372095102
153.36,43.68,-13.9241057333584,7.41615596361296,-41.3959289506534
153.36,43.68,-14.1575649359829,7.41470328235667,-41.1544206917966
153.157020349059,43.68,-14.3910241386073,7.41325060110039,-40.9129124329398
152.834884762635,43.68,-14.6244833412317,7.41179791984411,-40.671404174083
152.512749176212,43.68,-14.8579425438562,7.41034523858783,-40.4298959152262
152.190613589788,43.3940310773191,-15.0914017464807,7.40889255733155,-40.1883876563694
151.868478003364,42.873189584543,-15.3248609491051,7.40743987607526,-39.9468793975126
151.546342416941,42.352348091767,-15.5583201517296,7.40598719481899,-39.7053711386557
151.224206830517,41.831506598991,-15.791779354354,7.40453451356269,-39.4638628797989
150.902071244094,41.3106651062149,-16.0252385569785,7.40308183230642,-39.2223546209421
150.57993565767,40.7898236134389,-16.2586977596029,7.40162915105014,-38.9808463620853
150.257800071247,40.2689821206628,-16.4921569622274,7.40017646979385,-38.7393381032285
149.935664484823,39.7481406278868,-16.7256161648518,7.39872378853758,-38.4978298443717
149.6135288984,39.2272991351107,-16.9590753674763,7.3972711072813,-38.2563215855149
149.291393311976,38.7064576423347,-17.1925345701007,7.39581842602501,-38.0148133266581
148.969257725552,38.1856161495587,-17.4259937727252,7.39436574476872,-37.7733050678013
148.647122139129,37.6647746567826,-17.6594529753496,7.39291306351246,-37.5317968089444
148.324986552705,37.1439331640066,-17.8929121779741,7.39146038225616,-37.2902885500876
148.002850966282,36.6230916712306,-18.1263713805985,7.39000770099989,-37.0487802912308
147.680715379858,36.1022501784545,-18.359830583223,7.38855501974359,-36.807272032374
147.358579793435,35.5814086856785,-18.5932897858474,7.38710233848732,-36.5657637735172
147.036444207011,35.0605671929024,-18.8267489884719,7.38564965723104,-36.3242555146604
146.714308620587,34.5397257001264,-19.0602081910963,7.38419697597475,-36.0827472558036
146.392173034164,34.0188842073504,-19.2936673937208,7.38274429471847,-35.8412389969468
146.07003744774,33.4980427145743,-19.5271265963452,7.3812916134622,-35.5997307380899
145.747901861317,32.9772012217983,-19.7605857989697,7.37983893220591,-35.3582224792332
145.425766274893,32.4563597290222,-19.9940450015942,7.37838625094963,-35.1167142203763
145.10363068847,31.9355182362462,-20.2275042042186,7.37693356969334,-34.8752059615195
144.781495102046,31.4146767434701,-20.460963406843,7.37548088843705,-34.6336977026627
144.459359515623,30.8938352506941,-20.6944226094675,7.37402820718077,-34.3921894438059
144.137223929199,30.3729937579181,-20.927881812092,7.37257552592452,-34.1506811849491
143.815088342775,29.852152265142,-21.1613410147164,7.37112284466824,-33.9091729260923
143.492952756352,29.331310772366,-21.3948002173409,7.36967016341194,-33.6676646672355
143.170817169928,28.8104692795899,-21.6282594199653,7.36821748215566,-33.4261564083787
142.848681583505,28.2896277868139,-21.8617186225898,7.36676480089938,-33.1846481495219
142.526545997081,27.7687862940379,-22.0951778252142,7.3653121196431,-32.943139890665
142.204410410658,27.2479448012618,-22.3286370278387,7.36385943838683,-32.7016316318082
141.882274824234,26.7271033084858,-22.5620962304631,7.36240675713055,-32.4601233729514
141.560139237811,26.2062618157098,-22.7955554330876,7.36095407587427,-32.2186151140946
141.238003651387,25.6854203229337,-23.029014635712,7.35950139461798,-31.9771068552378
140.915868064963,25.1645788301577,-23.2624738383365,7.35804871336169,-31.735598596381
140.59373247854,24.6437373373816,-23.4959330409609,7.35659603210541,-31.4940903375242
140.271596892116,24.1228958446056,-23.7293922435854,7.35514335084913,-31.2525820786674
139.949461305693,23.6020543518296,-23.9628514462098,7.35369066959285,-31.0110738198106
139.627325719269,23.0812128590535,-24.1963106488343,7.35223798833657,-30.7695655609537
139.305190132846,22.5603713662775,-24.4297698514587,7.35078530708028,-30.5280573020969
138.983054546422,22.0395298735014,-24.6632290540832,7.349332625824,-30.2865490432401
138.660918959998,21.5186883807254,-24.8966882567076,7.34787994456771,-30.0450407843833
138.338783373575,20.9978468879493,-25.1301474593321,7.34642726331143,-29.8035325255265
138.016647787151,20.4770053951733,-25.3636066619565,7.34497458205517,-29.5620242666697
137.694512200728,19.9561639023973,-25.597065864581,7.34352190079888,-29.3205160078129
137.372376614304,19.4353224096212,-25.8305250672054,7.3420692195426,-29.0790077489561
137.050241027881,18.9144809168452,-26.0639842698299,7.34061653828631,-28.8374994900993
136.728105441457,18.3936394240691,-26.2974434724543,7.33916385703003,-28.5959912312425
136.405969855034,17.8727979312931,-26.5309026750788,7.33771117577375,-28.3544829723856
136.08383426861,17.3519564385171,-26.7643618777032,7.33625849451747,-28.1129747135288
135.761698682186,16.831114945741,-26.9978210803277,7.33480581326118,-27.871466454672
135.439563095763,16.310273452965,-27.2312802829521,7.3333531320049,-27.6299581958152
135.117427509339,15.789431960189,-27.4647394855766,7.33190045074863,-27.3884499369584
134.795291922916,15.2685904674129,-27.698198688201,7.33044776949235,-27.1469416781016
134.473156336492,14.7477489746369,-27.9316578908255,7.32899508823607,-26.9054334192448
134.151020750069,14.2269074818608,-28.1651170934499,7.32754240697978,-26.663925160388
133.828885163645,13.7060659890848,-28.3985762960744,7.32608972572349,-26.4224169015311
133.506749577222,13.1852244963087,-28.6320354986988,7.32463704446721,-26.1809086426743
133.184613990798,12.6643830035327,-28.8654947013233,7.32318436321093,-25.9394003838175
132.862478404374,12.1435415107567,-29.0989539039477,7.32173168195465,-25.6978921249607
132.540342817951,11.6227000179806,-29.3324131065722,7.32027900069837,-25.4563838661039
132.218207231527,11.1018585252046,-29.5658723091967,7.3188263194421,-25.2148756072471
131.896071645104,10.5810170324285,-29.7993315118211,7.3173736381858,-24.9733673483903
131.57393605868,10.0601755396525,-30.0327907144456,7.31592095692953,-24.7318590895335
131.251800472257,9.53933404687645,-30.26624991707,7.31446827567323,-24.4903508306767
130.929664885833,9.01849255410044,-30.4997091196945,7.31301559441696,-24.2488425718199
130.60752929941,8.4976510613244,-30.7331683223189,7.31156291316068,-24.0073343129631
130.285393712986,7.97680956854836,-30.9666275249433,7.3101102319044,-23.7658260541062
129.963258126562,7.45596807577231,-31.2000867275678,7.30865755064811,-23.5243177952494
129.641122540139,6.93512658299627,-31.4335459301923,7.30720486939184,-23.2828095363926
129.318986953715,6.41428509022023,-31.6670051328167,7.30575218813557,-23.0413012775358
128.996851367292,5.89344359744417,-31.9004643354412,7.30429950687926,-22.799793018679
128.674715780868,5.37260210466814,-32.1339235380656,7.30284682562298,-22.56
128.352580194445,4.85176061189211,-32.3673827406901,7.3013941443667,-22.56
128.030444608021,4.33091911911607,-32.6008419433145,7.29994146311043,-22.56
127.708309021598,3.81007762634002,-32.834301145939,7.29848878185415,-22.56
127.386173435174,3.28923613356398,-33.0677603485634,7.29703610059787,-22.56
127.06403784875,2.76839464078794,-33.3012195511879,7.29558341934159,-22.56
126.741902262327,2.24755314801188,-33.5346787538123,7.29413073808531,-22.56
126.419766675903,1.72671165523584,-33.7681379564368,7.29267805682901,-22.56
126.09763108948,1.20587016245983,-34.0015971590612,7.29122537557273,-22.56
125.775495503056,0.685028669683793,-34.2350563616857,7.28977269431645,-22.56
125.453359916633,0.164187176907753,-34.4685155643101,7.28832001306017,-22.56
125.131224330209,-0.3566543158683,-34.7019747669346,7.2868673318039,-22.56
124.809088743785,-0.877495808644339,-34.935433969559,7.28541465054762,-22.56
124.486953157362,-1.39833730142038,-35.1688931721835,7.28396196929134,-22.56
124.164817570938,-1.91917879419643,-35.402352374808,7.28250928803503,-22.56
123.842681984515,-2.44002028697244,-35.6358115774324,7.28105660677876,-22.56
123.520546398091,-2.96086177974848,-35.8692707800568,7.27960392552248,-22.56
123.198410811668,-3.48170327252454,-36.1027299826813,7.27815124426621,-22.56
122.876275225244,-4.00254476530059,-36.3361891853057,7.27669856300992,-22.56
122.554139638821,-4.52338625807662,-36.5696483879302,7.27524588175364,-22.56
122.232004052397,-5.04422775085267,-36.8031075905546,7.27379320049737,-22.56
121.909868465973,-5.5650692436287,-37.0365667931791,7.27234051924106,-22.56
121.58773287955,-6.08591073640475,-37.2700259958036,7.2708878379848,-22.56
121.44,-6.60675222918077,-37.503485198428,7.26943515672852,-22.56
121.44,-7.12759372195683,-37.7369444010524,7.26798247547224,-22.56
121.44,-7.64843521473285,-37.9704036036769,7.26652979421595,-22.56
121.44,-8.16927670750891,-38.2038628063014,7.26507711295967,-22.56
121.44,-8.69011820028496,-38.4373220089258,7.26362443170339,-22.56
121.44,-9.21095969306099,-38.6707812115502,7.2621717504471,-22.56
121.44,-9.73180118583701,-38.9042404141747,7.26071906919082,-22.56
121.44,-10.252642678613,-39.1376996167992,7.25926638793454,-22.56
121.44,-10.7734841713891,-39.3711588194236,7.25781370667827,-22.56
121.44,-11.2943256641651,-39.6046180220481,7.25636102542199,-22.56
121.44,-11.8151671569412,-39.8380772246725,7.2549083441657,-22.56
121.44,-12.3360086497172,-40.071536427297,7.25345566290942,-22.56
121.44,-12.8568501424933,-40.3049956299214,7.25200298165314,-22.56
121.44,-13.3776916352693,-40.5384548325459,7.25055030039685,-22.56
121.44,-13.8985331280453,-40.7719140351703,7.24909761914057,-22.56
121.44,-14.4193746208214,-41.0053732377948,7.24764493788429,-22.56
121.44,-14.9402161135974,-41.2388324404192,7.246192256628,-22.56
121.44,-15.4610576063735,-41.4722916430437,7.24473957537172,-22.56
121.44,-15.9818990991495,-41.7057508456681,7.24328689411544,-22.56
121.44,-16.5027405919255,-41.9392100482926,7.24183421285917,-22.56
121.44,-17.0235820847016,-42.172669250917,7.24038153160289,-22.56
121.44,-17.5444235774776,-42.4061284535415,7.2389288503466,-22.56
121.44,-18.0652650702537,-42.6395876561659,7.23747616909032,-22.56
121.44,-18.5861065630297,-42.8730468587904,7.23602348783404,-22.56
121.44,-19.1069480558058,-43.1065060614148,7.23457080657775,-22.56
121.44,-19.6277895485818,-43.3399652640393,7.23311812532147,-22.56
121.44,-20.1486310413578,-43.5734244666637,7.23166544406519,-22.56
121.44,-20.6694725341339,-43.8068836692882,7.23021276280891,-22.56
121.44,-21.1903140269099,-44.0403428719126,7.22876008155262,-22.56
121.44,-21.36,-44.2738020745371,7.22730740029636,-22.56
121.44,-21.36,-44.5072612771615,7.22585471904007,-22.56
121.44,-21.36,-44.740720479786,7.22440203778379,-22.56
121.44,-21.36,-44.9741796824105,7.22294935652751,-22.56
121.44,-21.36,-45.2076388850349,7.22149667527122,-22.56
121.44,-21.36,-45.4410980876594,7.22004399401494,-22.56
121.44,-21.36,-45.6745572902838,7.21859131275866,-22.56
121.44,-21.36,-45.84,7.21713863150238,-22.56
121.44,-21.36,-45.84,7.21568595024611,-22.56
121.44,-21.36,-45.84,7.21423326898981,-22.56
121.44,-21.36,-45.84,7.21278058773354,-22.56
121.44,-21.36,-45.84,7.21132790647725,-22.56
121.44,-21.36,-45.84,7.20987522522097,-22.56
121.44,-21.36,-45.84,7.20842254396469,-22.56
121.44,-21.36,-45.84,7.20696986270841,-22.56
121.44,-21.36,-45.84,7.20551718145213,-22.56
121.44,-21.36,-45.84,7.20406450019585,-22.56
121.44,-21.36,-45.84,7.20261181893956,-22.56
121.44,-21.36,-45.84,7.20115913768328,-22.56
121.44,-21.36,-45.84,7.2,-22.56
121.44,-21.36,-45.84,7.2,-22.56
121.44,-21.36,-45.84,7.2,-22.56
121.44,-21.36,-45.84,7.2,-22.56
121.44,-21.36,-45.84,7.2,-22.56
121.44,-21.36,-45.84,7.2,-22.56
121.44,-21.36,-45.84,7.2,-22.56
121.44,-21.36,-45.84,7.2,-22.56
121.44,-21.36,-45.84,7.2,-22.56
121.44,-21.36,-45.84,7.2,-22.56
121.44,-21.36,-45.84,7.2,-22.56
121.44,-21.36,-45.84,7.2,-22.56
121.44,-21.36,-45.84,7.2,-22.56
121.44,-21.36,-45.84,7.2,-22.56
121.44,-21.36,-45.84,7.2,-22.56
121.44,-21.36,-45.84,7.2,-22.56
121.44,-21.36,-45.84,7.2,-22.56
121.44,-21.36,-45.84,7.2,-22.56
121.44,-21.36,-45.84,7.2,-22.56
121.44,-21.36,-45.84,7.2,-22.56
121.44,-21.36,-45.84,7.2,-22.56
121.44,-21.36,-45.84,7.2,-22.56
121.44,-21.36,-45.84,7.2,-22.56
121.44,-21.36,-45.84,7.2,-22.56
121.44,-21.36,-45.84,7.2,-22.56
121.44,-21.36,-45.84,7.2,-22.56
121.44,-21.36,-45.84,7.2,-22.56
121.44,-21.36,-45.84,7.2,-22.56
121.44,-21.36,-45.84,7.2,-22.56
121.44,-21.36,-45.84,7.2,-22.56
121.44,-21.36,-45.84,7.2,-22.56
121.44,-21.36,-45.84,7.2,-22.56
121.44,-21.36,-45.84,7.2,-22.56
121.44,-21.36,-45.84,7.2,-22.56
121.44,-21.36,-45.84,7.2,-22.56
121.44,-21.36,-45.84,7.2,-22.56
121.44,-21.36,-45.84,7.2,-22.56
121.44,-21.36,-45.84,7.2,-22.56
121.44,-21.36,-45.84,7.2,-22.56
121.44,-21.36,-45.84,7.2,-22.56
121.44,-21.36,-45.84,7.2,-22.56
121.44,-21.36,-45.84,7.2,-22.56
121.44,-21.36,-45.84,7.2,-22.56
121.44,-21.36,-45.84,7.2,-22.56
121.44,-21.36,-45.84,7.2,-22.56
121.44,-21.36,-45.84,7.2,-22.56
121.44,-21.36,-45.84,7.2,-22.56
121.44,-21.36,-45.84,7.2,-22.56
121.44,-21.36,-45.84,7.2,-22.56
121.44,-21.36,-45.84,7.2,-22.56
121.44,-21.36,-45.84,7.2,-22.56
121.44,-21.36,-45.84,7.2,-22.56
121.44,-21.36,-45.84,7.2,-22.56
121.44,-21.36,-45.84,7.2,-22.56
121.44,-21.36,-45.84,7.2,-22.56
121.44,-21.36,-45.84,7.2,-22.56
121.44,-21.36,-45.84,7.2,-22.56
121.44,-21.36,-45.84,7.2,-22.56
121.44,-21.36,-45.84,7.2,-22.56
121.44,-21.36,-45.8195055253847,7.2,-22.56
121.44,-21.36,-45.784808828604,7.2,-22.56
121.44,-21.36,-45.7501121318233,7.2,-22.56
121.44,-21.36,-45.7154154350426,7.2,-22.56
121.44,-21.36,-45.6807187382619,7.2,-22.56
121.44,-21.36,-45.6460220414812,7.2,-22.56
121.44,-21.36,-45.6113253447005,7.2,-22.56
121.44,-21.36,-45.5766286479198,7.2,-22.56
121.44,-21.36,-45.5419319511391,7.2,-22.56
121.44,-21.36,-45.5072352543584,7.2,-22.56
121.44,-21.36,-45.4725385575776,7.2,-22.56
121.44,-21.36,-45.437841860797,7.2,-22.56
121.44,-21.36,-45.4031451640163,7.2,-22.56
121.44,-21.36,-45.3684484672356,7.2,-22.56
121.44,-21.36,-45.3337517704548,7.03238759877086,-22.4057684207177
121.44,-21.36,-45.2990550736741,6.83070701769045,-22.2201883902278
121.44,-21.36,-45.2643583768934,6.62902643661001,-22.0346083597378
121.44,-21.36,-45.2296616801127,6.4273458555296,-21.8490283292478
121.44,-21.36,-45.194964983332,6.22566527444916,-21.6634482987578
121.44,-21.36,-45.1602682865513,6.02398469336874,-21.4778682682679
121.44,-21.36,-45.1255715897706,5.82230411228833,-21.2922882377779
121.44,-21.36,-45.0908748929899,5.62062353120789,-21.1067082072879
121.44,-21.36,-45.0561781962092,5.41894295012747,-20.921128176798
121.44,-21.36,-45.0214814994285,5.21726236904705,-20.735548146308
121.44,-21.36,-44.9867848026478,5.01558178796663,-20.549968115818
121.44,-21.36,-44.9520881058671,4.81390120688619,-20.3643880853281
121.44,-21.36,-44.9173914090864,4.61222062580579,-20.1788080548381
121.44,-21.36,-44.8826947123057,4.41054004472535,-19.9932280243481
121.44,-21.36,-44.847998015525,4.20885946364491,-19.8076479938581
121.44,-21.36,-44.8133013187443,4.00717888256451,-19.6220679633682
121.44,-21.36,-44.7786046219636,3.8054983014841,-19.4364879328782
121.44,-21.36,-44.7439079251829,3.60381772040364,-19.2509079023882
121.44,-21.36,-44.7092112284022,3.40213713932326,-19.0653278718983
121.44,-21.36,-44.6745145316215,3.2004565582428,-18.8797478414083
121.44,-21.36,-44.6398178348408,2.99877597716238,-18.6941678109183
121.44,-21.36,-44.6051211380601,2.79709539608195,-18.5085877804284
121.44,-21.36,-44.5704244412794,2.59541481500154,-18.3230077499384
121.44,-21.36,-44.5357277444987,2.39373423392112,-18.1374277194484
121.44,-21.36,-44.501031047718,2.19205365284067,-17.9518476889584
121.44,-21.36,-44.4663343509372,1.99037307176027,-17.7662676584685
121.44,-21.36,-44.4316376541565,1.78869249067985,-17.5806876279785
121.44,-21.36,-44.3969409573758,1.58701190959941,-17.3951075974885
121.44,-21.36,-44.3622442605951,1.38533132851901,-17.2095275669986
121.453250225037,-21.36,-44.3275475638144,1.18365074743856,-17.0239475365086
121.503306381323,-21.36,-44.2928508670337,0.981970166358133,-16.8383675060186
121.553362537609,-21.36,-44.258154170253,0.780289585277733,-16.6527874755287
121.603418693896,-21.36,-44.2234574734723,0.578609004197292,-16.4672074450387
121.653474850182,-21.36,-44.1887607766916,0.376928423116879,-16.2816274145487
121.703531006468,-21.3189801307197,-44.1540640799109,0.175247842036438,-16.0960473840587
121.753587162755,-21.0306914815817,-44.1193673831302,-0.0264327390439757,-15.9104673535688
121.803643319041,-20.7424028324436,-44.0846706863495,-0.228113320124403,-15.7248873230788
121.853699475328,-20.4541141833056,-44.0499739895688,-0.42979390120483,-15.5393072925888
121.903755631614,-20.1658255341676,-44.0152772927881,-0.631474482285243,-15.3537272620989
121.9538117879,-19.8775368850296,-43.9805805960074,-0.833155063365684,-15.1681472316089
122.003867944187,-19.5892482358915,-43.9458838992267,-1.03483564444611,-14.9825672011189
122.053924100473,-19.3009595867535,-43.911187202446,-1.23651622552651,-14.796987170629
122.103980256759,-19.0126709376155,-43.8764905056653,-1.43819680660694,-14.611407140139
122.154036413046,-18.7243822884775,-43.8417938088846,-1.63987738768739,-14.425827109649
122.204092569332,-18.4360936393394,-43.8070971121039,-1.84155796876779,-14.240247079159
122.254148725618,-18.1478049902014,-43.7724004153232,-2.04323854984822,-14.0546670486691
122.304204881905,-17.8595163410633,-43.7377037185425,-2.24491913092865,-13.8690870181791
122.354261038191,-17.5712276919253,-43.7030070217617,-2.44659971200906,-13.6835069876891
122.404317194478,-17.2829390427873,-43.668310324981,-2.64828029308949,-13.4979269571992
122.454373350764,-16.9946503936493,-43.6336136282004,-2.84996087416993,-13.3123469267092
122.50442950705,-16.7063617445112,-43.5989169314196,-3.05164145525033,-13.1267668962192
122.554485663337,-16.4180730953732,-43.5642202346389,-3.25332203633076,-12.9411868657293
122.604541819623,-16.1297844462352,-43.5295235378582,-3.45500261741118,-12.7556068352393
122.654597975909,-15.8414957970971,-43.4948268410775,-3.65668319849161,-12.5700268047493
122.704654132196,-15.5532071479591,-43.4601301442968,-3.85836377957204,-12.3844467742593
122.754710288482,-15.2649184988211,-43.4254334475161,-4.06004436065246,-12.1988667437694
122.804766444769,-14.976629849683,-43.3907367507354,-4.26172494173286,-12.0132867132794
122.854822601055,-14.688341200545,-43.3560400539547,-4.46340552281332,-11.8277066827894
122.904878757341,-14.400052551407,-43.321343357174,-4.66508610389372,-11.6421266522995
122.954934913628,-14.111763902269,-43.2866466603933,-4.86676668497417,-11.4565466218095
123.004991069914,-13.8234752531309,-43.2519499636126,-5.06844726605457,-11.2709665913195
123.0550472262,-13.5351866039929,-43.2172532668319,-5.270127847135,-11.0853865608295
123.105103382487,-13.2468979548549,-43.1825565700512,-5.47180842821545,-10.8998065303396
123.155159538773,-12.9586093057169,-43.1478598732705,-5.67348900929583,-10.7142264998496
123.205215695059,-12.6703206565788,-43.1131631764898,-5.87516959037628,-10.5286464693596
123.255271851346,-12.3820320074408,-43.0784664797091,-6.07685017145671,-10.3430664388696
123.305328007632,-12.0937433583028,-43.0437697829284,-6.27853075253713,-10.1574864083797
123.355384163919,-11.8054547091648,-43.0090730861477,-6.48021133361756,-9.97190637788972
123.405440320205,-11.5171660600267,-42.974376389367,-6.68189191469799,-9.78632634739975
123.455496476491,-11.2288774108887,-42.9396796925863,-6.88357249577842,-9.60074631690977
123.505552632778,-10.9405887617506,-42.9049829958056,-7.08525307685884,-9.4151662864198
123.555608789064,-10.6523001126126,-42.8702862990248,-7.28693365793924,-9.22958625592985
123.60566494535,-10.3640114634746,-42.8355896022442,-7.48861423901967,-9.04400622543988
123.655721101637,-10.0757228143366,-42.8008929054634,-7.6902948201001,-8.8584261949499
123.705777257923,-9.78743416519853,-42.7661962086827,-7.89197540118052,-8.67284616445992
123.75583341421,-9.49914551606049,-42.731499511902,-8.09365598226095,-8.48726613396996
123.805889570496,-9.21085686692248,-42.6968028151213,-8.29533656334135,-8.30168610348001
123.855945726782,-8.92256821778444,-42.6621061183406,-8.49701714442181,-8.11610607299002
123.906001883069,-8.6342795686464,-42.6274094215599,-8.69869772550221,-7.93052604250007
123.956058039355,-8.34599091950836,-42.5927127247792,-8.90037830658266,-7.74494601201007
124.006114195641,-8.05770227037035,-42.5580160279985,-9.10205888766309,-7.5593659815201
124.056170351928,-7.76941362123233,-42.5233193312178,-9.30373946874352,-7.37378595103014
124.106226508214,-7.48112497209429,-42.4886226344371,-9.50542004982391,-7.18820592054017
124.1562826645,-7.19283632295628,-42.4539259376564,-9.70710063090434,-7.00262589005021
124.206338820787,-6.90454767381824,-42.4192292408757,-9.90878121198477,-6.81704585956022
124.256394977073,-6.6162590246802,-42.384532544095,-10.1104617930652,-6.63146582907026
124.30645113336,-6.32797037554219,-42.3498358473143,-10.3121423741456,-6.44588579858029
124.356507289646,-6.03968172640415,-42.3151391505336,-10.5138229552261,-6.26030576809031
124.406563445932,-5.75139307726611,-42.2804424537529,-10.7155035363064,-6.07472573760036
124.456619602219,-5.46310442812807,-42.2457457569722,-10.9171841173869,-5.88914570711036
124.506675758505,-5.17481577899003,-42.2110490601915,-11.1188646984673,-5.70356567662041
124.556731914791,-4.88652712985202,-42.1763523634108,-11.3205452795477,-5.51798564613045
124.606788071078,-4.59823848071398,-42.1416556666301,-11.5222258606282,-5.33240561564047
124.656844227364,-4.30994983157594,-42.1069589698494,-11.7239064417086,-5.14682558515049
124.70690038365,-4.02166118243793,-42.0722622730687,-11.925587022789,-5.04
124.756956539937,-3.73337253329989,-42.037565576288,-12.1272676038694,-5.04
124.807012696223,-3.4450838841619,-42.0028688795072,-12.3289481849499,-5.04
124.85706885251,-3.15679523502386,-41.9681721827266,-12.5306287660303,-5.04
124.907125008796,-2.86850658588583,-41.9334754859458,-12.7323093471107,-5.04
124.957181165082,-2.58021793674779,-41.8987787891651,-12.9339899281911,-5.04
125.007237321369,-2.29192928760976,-41.8640820923844,-13.1356705092715,-5.04
125.057293477655,-2.00364063847173,-41.8293853956037,-13.3373510903519,-5.04
125.107349633941,-1.71535198933369,-41.794688698823,-13.5390316714324,-5.04
125.157405790228,-1.42706334019567,-41.7599920020423,-13.7407122525128,-5.04
125.207461946514,-1.13877469105764,-41.7252953052616,-13.9423928335933,-5.04
125.257518102801,-0.850486041919603,-41.6905986084809,-14.1440734146737,-5.04
125.307574259087,-0.562197392781563,-41.6559019117002,-14.3457539957541,-5.04
125.357630415373,-0.273908743643537,-41.6212052149195,-14.5474345768345,-5.04
125.40768657166,0.0143799054944884,-41.5865085181388,-14.7491151579149,-5.04
125.457742727946,0.302668554632528,-41.5518118213581,-14.9507957389954,-5.04
125.507798884232,0.590957203770527,-41.5171151245774,-15.1524763200758,-5.04
125.557855040519,0.879245852908552,-41.4824184277967,-15.3541569011562,-5.04
125.607911196805,1.16753450204659,-41.447721731016,-15.5558374822367,-5.04
125.657967353091,1.45582315118463,-41.4130250342353,-15.7575180633171,-5.04
125.708023509378,1.74411180032264,-41.3783283374546,-15.9591986443975,-5.04
125.758079665664,2.03240044946068,-41.3436316406739,-16.1608792254779,-5.04
125.808135821951,2.32068909859871,-41.3089349438932,-16.3625598065583,-5.04
125.858191978237,2.60897774773675,-41.2742382471125,-16.5642403876388,-5.04
125.908248134523,2.89726639687477,-41.2395415503318,-16.7659209687192,-5.04
125.95830429081,3.18555504601281,-41.2048448535511,-16.9676015497996,-5.04
126.008360447096,3.47384369515085,-41.1701481567703,-17.16928213088,-5.04
126.058416603382,3.76213234428887,-41.1354514599897,-17.3709627119605,-5.04
126.108472759669,4.05042099342691,-41.1007547632089,-17.5726432930409,-5.04
126.158528915955,4.33870964256493,-41.0660580664283,-17.7743238741213,-5.04
126.208585072242,4.62699829170293,-41.04,-17.9760044552017,-5.04
126.258641228528,4.91528694084097,-41.04,-18.1776850362822,-5.04
126.308697384814,5.203575589979,-41.04,-18.3793656173626,-5.04
126.358753541101,5.49186423911704,-41.04,-18.581046198443,-5.04
126.408809697387,5.78015288825506,-41.04,-18.7827267795235,-5.04
126.458865853673,6.0684415373931,-41.04,-18.9844073606039,-5.04
126.50892200996,6.35673018653114,-41.04,-19.1860879416843,-5.04
126.558978166246,6.64501883566915,-41.04,-19.3877685227647,-5.04
126.609034322532,6.93330748480719,-41.04,-19.5894491038451,-5.04
126.659090478819,7.22159613394523,-41.04,-19.7911296849255,-5.04
126.709146635105,7.50988478308326,-41.04,-19.992810266006,-5.04
126.759202791392,7.79817343222128,-41.04,-20.1944908470864,-5.04
126.809258947678,8.08646208135932,-41.04,-20.3961714281668,-5.04
126.859315103964,8.37475073049733,-41.04,-20.5978520092472,-5.04
126.909371260251,8.66303937963535,-41.04,-20.7995325903277,-5.04
126.959427416537,8.95132802877339,-41.04,-21.0012131714081,-5.04
127.009483572823,9.2396166779114,-41.04,-21.2028937524885,-5.04
127.05953972911,9.52790532704944,-41.04,-21.36,-5.04
127.109595885396,9.81619397618748,-41.04,-21.36,-5.04
127.159652041683,10.1044826253255,-41.04,-21.36,-5.04
127.209708197969,10.3927712744635,-41.04,-21.36,-5.04
127.259764354255,10.6810599236016,-41.04,-21.36,-5.04
127.309820510542,10.9693485727396,-41.04,-21.36,-5.04
127.359876666828,11.2576372218776,-41.04,-21.36,-5.04
127.409932823114,11.5459258710157,-41.04,-21.36,-5.04
127.459988979401,11.8342145201537,-41.04,-21.36,-5.04
127.510045135687,12.1225031692917,-41.04,-21.36,-5.04
127.560101291973,12.4107918184298,-41.04,-21.36,-5.04
127.61015744826,12.6990804675678,-41.04,-21.36,-5.04
127.660213604546,12.9873691167058,-41.04,-21.36,-5.04
127.710269760833,13.2756577658438,-41.04,-21.36,-5.04
127.760325917119,13.5639464149819,-41.04,-21.36,-5.04
127.810382073405,13.8522350641199,-41.04,-21.36,-5.04
127.860438229692,14.1405237132579,-41.04,-21.36,-5.04
127.910494385978,14.4288123623959,-41.04,-21.36,-5.04
127.960550542264,14.717101011534,-41.04,-21.36,-5.04
128.010606698551,15.005389660672,-41.04,-21.36,-5.04
128.060662854837,15.29367830981,-41.04,-21.36,-5.04
128.110719011123,15.5819669589481,-41.04,-21.36,-5.04
128.16077516741,15.8702556080861,-41.04,-21.36,-5.04
128.210831323696,16.1585442572241,-41.04,-21.36,-5.04
128.260887479983,16.4468329063622,-41.04,-21.36,-5.04
128.310943636269,16.7351215555002,-41.04,-21.36,-5.04
128.360999792555,17.0234102046382,-41.04,-21.36,-5.04
128.411055948842,17.3116988537762,-41.04,-21.36,-5.04
128.461112105128,17.5999875029143,-41.04,-21.36,-5.04
128.511168261414,17.8882761520523,-41.04,-21.36,-5.04
128.561224417701,18.1765648011903,-41.04,-21.36,-5.04
128.611280573987,18.4648534503284,-41.04,-21.36,-5.04
128.661336730274,18.7531420994664,-41.04,-21.36,-5.04
128.71139288656,19.0414307486044,-41.04,-21.36,-5.04
128.761449042846,19.3297193977425,-41.04,-21.36,-5.04
128.811505199133,19.6180080468805,-41.04,-21.36,-5.04
128.861561355419,19.9062966960185,-41.04,-21.36,-5.04
128.88,20.1945853451565,-41.04,-21.36,-5.04
128.88,20.4828739942946,-41.04,-21.36,-5.04
128.88,20.7711626434326,-41.04,-21.36,-5.04
128.88,21.0594512925706,-41.04,-21.36,-5.04
128.88,21.3477399417086,-41.04,-21.36,-5.04
128.88,21.6360285908467,-41.04,-21.36,-5.04
128.88,21.9243172399847,-41.04,-21.36,-5.04
128.88,22.2126058891228,-41.04,-21.36,-5.04
128.88,22.5008945382608,-41.04,-21.36,-5.04
128.88,22.7891831873988,-41.04,-21.36,-5.04
128.88,23.0774718365368,-41.04,-21.36,-5.04
128.88,23.3657604856749,-41.04,-21.36,-5.04
128.88,23.6540491348129,-41.04,-21.36,-5.04
128.88,23.9423377839509,-41.04,-21.36,-5.04
128.88,24.230626433089,-41.04,-21.36,-5.04
128.88,24.518915082227,-41.04,-21.36,-5.04
128.88,24.807203731365,-41.04,-21.36,-5.04
128.88,25.0954923805031,-41.04,-21.36,-5.04
128.88,25.3837810296411,-41.04,-21.36,-5.04
128.88,25.6720696787791,-41.04,-21.36,-5.04
128.88,25.9603583279171,-41.04,-21.36,-5.04
128.88,26.2486469770552,-41.04,-21.36,-5.04
128.88,26.5369356261932,-41.04,-21.36,-5.04
128.88,26.8252242753312,-41.04,-21.36,-5.04
128.88,27.1135129244693,-41.04,-21.36,-5.04
128.88,27.4018015736073,-41.04,-21.36,-5.04
128.88,27.6900902227453,-41.04,-21.36,-5.04
128.88,27.9783788718834,-41.04,-21.36,-5.04
128.88,28.2666675210214,-41.04,-21.36,-5.04
128.88,28.5549561701594,-41.04,-21.36,-5.04
128.88,28.8432448192974,-41.04,-21.36,-5.04
128.88,29.04,-41.04,-21.36,-5.04
128.88,29.04,-41.04,-21.36,-5.04
128.88,29.04,-41.04,-21.36,-5.04
128.88,29.04,-41.04,-21.36,-5.04
128.88,29.04,-41.04,-21.36,-5.04
128.88,29.04,-41.04,-21.36,-5.04
128.88,29.04,-41.04,-21.36,-5.04
128.88,29.04,-41.04,-21.36,-5.04
128.88,29.04,-41.04,-21.36,-5.04
128.88,29.04,-41.001432443907,-21.36,-5.04
128.88,29.04,-40.9167800921007,-21.36,-5.04
128.88,29.04,-40.8321277402945,-21.36,-5.04
128.88,29.04,-40.7474753884882,-21.36,-5.04
128.88,29.04,-40.6628230366819,-21.36,-5.04
128.88,29.04,-40.5781706848757,-21.36,-5.04
128.88,29.04,-40.4935183330694,-21.36,-5.04
128.88,29.04,-40.4088659812631,-21.36,-5.04
128.88,29.04,-40.3242136294568,-21.36,-5.04
128.88,29.04,-40.2395612776506,-21.36,-5.04
128.88,29.04,-40.1549089258443,-21.36,-5.04
128.88,29.04,-40.0702565740381,-21.36,-5.04
128.88,29.04,-39.9856042222318,-21.36,-5.04
128.88,29.04,-39.9009518704255,-21.36,-5.04
128.88,29.04,-39.8162995186193,-21.36,-5.04
128.88,29.04,-39.731647166813,-21.36,-5.04
128.88,29.04,-39.6469948150067,-21.36,-5.04
128.88,29.04,-39.5623424632005,-21.36,-5.04
128.88,29.04,-39.4776901113942,-21.36,-5.04
128.88,29.04,-39.3930377595879,-21.2987125191652,-5.10036586458168
128.88,29.04,-39.3083854077816,-21.0092675136953,-5.38545831357832
128.88,29.04,-39.2237330559754,-20.7198225082253,-5.67055076257503
128.88,29.04,-39.1390807041691,-20.4303775027555,-5.95564321157165
128.88,29.04,-39.0544283523628,-20.1409324972856,-6.24073566056835
128.88,29.04,-38.9697760005566,-19.8514874918157,-6.525828109565
128.88,29.04,-38.8851236487503,-19.5620424863458,-6.81092055856162
128.88,29.04,-38.800471296944,-19.2725974808759,-7.09601300755833
128.88,29.04,-38.7158189451378,-18.983152475406,-7.38110545655499
128.88,29.04,-38.6311665933315,-18.6937074699361,-7.66619790555164
128.88,29.04,-38.5465142415252,-18.4042624644662,-7.9512903545483
128.88,29.04,-38.461861889719,-18.1148174589963,-8.23638280354497
128.88,29.04,-38.3772095379127,-17.8253724535264,-8.52147525254163
128.88,29.04,-38.2925571861064,-17.5359274480566,-8.80656770153827
128.88,29.04,-38.2079048343001,-17.2464824425866,-9.09166015053497
128.88,29.04,-38.1232524824939,-16.9570374371168,-9.3767525995316
128.88,29.04,-38.0386001306876,-16.6675924316469,-9.66184504852825
128.88,29.04,-37.9539477788813,-16.378147426177,-9.94693749752494
128.88,29.04,-37.8692954270751,-16.0887024207071,-10.2320299465216
128.88,29.04,-37.7846430752688,-15.7992574152372,-10.5171223955183
128.88,29.04,-37.6999907234625,-15.5098124097673,-10.8022148445149
128.88,29.04,-37.6153383716563,-15.2203674042974,-11.0873072935116
128.88,29.04,-37.53068601985,-14.9309223988275,-11.3723997425082
128.88,29.04,-37.4460336680437,-14.6414773933576,-11.6574921915049
128.88,29.04,-37.3613813162375,-14.3520323878877,-11.9425846405016
128.88,29.04,-37.2767289644312,-14.0625873824179,-12.2276770894982
128.88,29.04,-37.1920766126249,-13.7731423769479,-12.5127695384949
128.88,29.04,-37.1074242608187,-13.483697371478,-12.7978619874916
128.88,29.04,-37.0227719090124,-13.1942523660082,-13.0829544364882
128.88,29.04,-36.9381195572061,-12.9048073605383,-13.3680468854849
128.88,29.04,-36.8534672053999,-12.6153623550684,-13.6531393344815
128.88,29.04,-36.7688148535936,-12.3259173495985,-13.9382317834782
128.88,29.04,-36.6841625017873,-12.0364723441286,-14.2233242324749
128.88,29.04,-36.5995101499811,-11.7470273386587,-14.5084166814715
128.88,29.04,-36.5148577981748,-11.4575823331888,-14.7935091304682
128.88,29.04,-36.4302054463685,-11.1681373277189,-15.0786015794648
128.88,29.04,-36.3455530945623,-10.878692322249,-15.3636940284615
128.88,29.04,-36.260900742756,-10.5892473167791,-15.6487864774582
128.88,29.04,-36.1762483909497,-10.2998023113093,-15.9338789264548
128.88,29.04,-36.0915960391434,-10.0103573058394,-16.2189713754515
128.88,29.04,-36.0069436873372,-9.72091230036945,-16.5040638244481
128.88,29.04,-35.9222913355309,-9.43146729489957,-16.7891562734448
128.98710045915,29.04,-35.8376389837246,-9.14202228942966,-17.0742487224415
129.111507325511,29.04,-35.7529866319184,-8.85257728395975,-17.3593411714381
129.235914191871,29.04,-35.6683342801121,-8.56313227848987,-17.6444336204348
129.360321058232,29.04,-35.5836819283058,-8.27368727301999,-17.9295260694314
129.484727924592,29.04,-35.4990295764996,-7.98424226755009,-18.2146185184281
129.609134790953,29.04,-35.4143772246933,-7.69479726208021,-18.4997109674248
129.733541657313,29.04,-35.329724872887,-7.40535225661033,-18.7848034164214
129.857948523674,28.986432951048,-35.2450725210808,-7.1159072511404,-19.0698958654181
129.982355390034,28.9095559779445,-35.1604201692745,-6.82646224567055,-19.3549883144147
130.106762256395,28.832679004841,-35.0757678174682,-6.53701724020064,-19.6400807634114
130.231169122755,28.7558020317375,-34.9911154656619,-6.24757223473073,-19.9251732124081
130.355575989116,28.6789250586341,-34.9064631138557,-5.95812722926088,-20.2102656614047
130.479982855477,28.6020480855306,-34.8218107620494,-5.66868222379095,-20.4953581104014
130.604389721837,28.5251711124271,-34.7371584102431,-5.37923721832107,-20.7804505593981
130.728796588198,28.4482941393236,-34.6525060584369,-5.08979221285119,-21.0655430083947
130.853203454558,28.3714171662202,-34.5678537066306,-4.80034720738128,-21.3506354573914
130.977610320919,28.2945401931167,-34.4832013548243,-4.51090220191138,-21.635727906388
131.102017187279,28.2176632200132,-34.3985490030181,-4.22145719644147,-21.9208203553847
131.22642405364,28.1407862469098,-34.3138966512118,-3.93201219097162,-22.2059128043813
131.35083092,28.0639092738063,-34.2292442994055,-3.64256718550171,-22.491005253378
131.475237786361,27.9870323007028,-34.1445919475993,-3.35312218003181,-22.7760977023747
131.599644652721,27.9101553275993,-34.059939595793,-3.06367717456193,-23.0611901513713
131.724051519082,27.8332783544958,-33.9752872439867,-2.77423216909202,-23.346282600368
131.848458385442,27.7564013813924,-33.8906348921804,-2.48478716362211,-23.6313750493647
131.972865251803,27.6795244082889,-33.8059825403742,-2.19534215815226,-23.9164674983613
132.097272118163,27.6026474351854,-33.7213301885679,-1.90589715268234,-24.201559947358
132.221678984524,27.5257704620819,-33.6366778367616,-1.61645214721245,-24.4866523963546
132.346085850884,27.4488934889785,-33.5520254849554,-1.32700714174257,-24.7717448453513
132.470492717245,27.372016515875,-33.4673731331491,-1.03756213627268,-25.056837294348
132.594899583605,27.2951395427715,-33.3827207813428,-0.748117130802784,-25.3419297433446
132.719306449966,27.218262569668,-33.2980684295366,-0.458672125332891,-25.6270221923413
132.843713316326,27.1413855965646,-33.2134160777303,-0.169227119862999,-25.9121146413379
132.968120182687,27.0645086234611,-33.128763725924,0.120217885606908,-26.1972070903346
133.092527049047,26.9876316503576,-33.0441113741178,0.409662891076773,-26.4822995393313
133.216933915408,26.9107546772542,-32.9594590223115,0.699107896546666,-26.7673919883279
133.341340781768,26.8338777041507,-32.8748066705052,0.988552902016586,-27.0524844373246
133.465747648129,26.7570007310472,-32.790154318699,1.27799790748648,-27.3375768863213
133.590154514489,26.6801237579437,-32.7055019668927,1.56744291295636,-27.6226693353179
133.71456138085,26.6032467848403,-32.6208496150864,1.85688791842626,-27.9077617843146
133.83896824721,26.5263698117368,-32.5361972632802,2.14633292389614,-28.1928542333112
133.963375113571,26.4494928386333,-32.4515449114739,2.43577792936604,-28.4779466823079
134.087781979931,26.3726158655298,-32.3668925596676,2.72522293483593,-28.7630391313046
134.212188846292,26.2957388924263,-32.2822402078614,3.01466794030584,-29.0481315803012
134.336595712652,26.2188619193229,-32.1975878560551,3.3041129457757,-29.3332240292979
134.461002579013,26.1419849462194,-32.1129355042488,3.59355795124559,-29.6183164782945
134.585409445373,26.0651079731159,-32.0282831524426,3.88300295671551,-29.9034089272912
134.709816311734,25.9882310000125,-31.9436308006363,4.17244796218538,-30.1885013762879
134.834223178094,25.911354026909,-31.92,4.4618929676553,-30.4735938252845
134.958630044455,25.8344770538055,-31.92,4.75133797312518,-30.7586862742812
135.083036910815,25.757600080702,-31.92,5.04078297859504,-31.0437787232778
135.207443777176,25.6807231075986,-31.92,5.33022798406496,-31.3288711722745
135.331850643536,25.6038461344951,-31.92,5.61967298953486,-31.6139636212712
135.456257509897,25.5269691613916,-31.92,5.90911799500473,-31.8990560702678
135.580664376257,25.4500921882881,-31.92,6.19856300047463,-32.1841485192645
135.705071242618,25.3732152151847,-31.92,6.48800800594452,-32.4692409682611
135.829478108978,25.2963382420812,-31.92,6.77745301141444,-32.7543334172578
135.953884975339,25.2194612689777,-31.92,7.06689801688431,-33.0394258662545
136.078291841699,25.1425842958742,-31.92,7.35634302235423,-33.3245183152512
136.20269870806,25.0657073227708,-31.92,7.64578802782412,-33.6096107642478
136.327105574421,24.9888303496673,-31.92,7.93523303329397,-33.8947032132444
136.451512440781,24.9119533765638,-31.92,8.22467803876389,-34.1797956622411
136.575919307142,24.8350764034603,-31.92,8.51412304423378,-34.4648881112378
136.700326173502,24.7581994303569,-31.92,8.80356804970368,-34.7499805602345
136.824733039863,24.6813224572534,-31.92,9.09301305517356,-35.0350730092311
136.949139906223,24.6044454841499,-31.92,9.38245806064345,-35.3201654582278
137.073546772584,24.5275685110464,-31.92,9.67190306611334,-35.6052579072244
137.197953638944,24.450691537943,-31.92,9.96134807158323,-35.8903503562211
137.322360505305,24.3738145648395,-31.92,10.2507930770532,-36.1754428052178
137.446767371665,24.296937591736,-31.92,10.540238082523,-36.4605352542144
137.571174238026,24.2200606186325,-31.92,10.56,-36.48
137.695581104386,24.1431836455291,-31.92,10.56,-36.48
137.819987970747,24.0663066724256,-31.92,10.56,-36.48
137.944394837107,23.9894296993221,-31.92,10.56,-36.48
138.068801703468,23.9125527262186,-31.92,10.56,-36.48
138.193208569828,23.8356757531152,-31.92,10.56,-36.48
138.317615436189,23.7587987800117,-31.92,10.56,-36.48
138.442022302549,23.6819218069082,-31.92,10.56,-36.48
138.56642916891,23.6050448338047,-31.92,10.56,-36.48
138.69083603527,23.5281678607013,-31.92,10.56,-36.48
138.815242901631,23.4512908875978,-31.92,10.56,-36.48
138.939649767991,23.3744139144943,-31.92,10.56,-36.48
139.064056634352,23.2975369413908,-31.92,10.56,-36.48
139.188463500712,23.2206599682874,-31.92,10.56,-36.48
139.312870367073,23.1437829951839,-31.92,10.56,-36.48
139.437277233433,23.0669060220804,-31.92,10.56,-36.48
139.561684099794,22.9900290489769,-31.92,10.56,-36.48
139.686090966154,22.9131520758735,-31.92,10.56,-36.48
139.810497832515,22.83627510277,-31.92,10.56,-36.48
139.934904698875,22.7593981296665,-31.92,10.56,-36.48
140.059311565236,22.6825211565631,-31.92,10.56,-36.48
140.183718431596,22.6056441834596,-31.92,10.56,-36.48
140.308125297957,22.5287672103561,-31.92,10.56,-36.48
140.432532164317,22.4518902372526,-31.92,10.56,-36.48
140.556939030678,22.3750132641492,-31.92,10.56,-36.48
140.681345897038,22.2981362910457,-31.92,10.56,-36.48
140.805752763399,22.2212593179422,-31.92,10.56,-36.48
140.930159629759,22.1443823448387,-31.92,10.56,-36.48
141.05456649612,22.0675053717353,-31.92,10.56,-36.48
141.17897336248,21.9906283986318,-31.92,10.56,-36.48
141.303380228841,21.9137514255283,-31.92,10.56,-36.48
141.427787095201,21.8368744524248,-31.92,10.56,-36.48
141.552193961562,21.7599974793214,-31.92,10.56,-36.48
141.676600827922,21.6831205062179,-31.92,10.56,-36.48
141.801007694283,21.6062435331144,-31.92,10.56,-36.48
141.925414560643,21.5293665600109,-31.92,10.56,-36.48
142.049821427004,21.4524895869075,-31.92,10.56,-36.48
142.174228293364,21.375612613804,-31.92,10.56,-36.48
142.298635159725,21.36,-31.92,10.56,-36.48
142.423042026086,21.36,-31.92,10.56,-36.48
142.547448892446,21.36,-31.92,10.56,-36.48
142.671855758807,21.36,-31.92,10.56,-36.48
142.796262625167,21.36,-31.92,10.56,-36.48
142.920669491528,21.36,-31.92,10.56,-36.48
143.045076357888,21.36,-31.92,10.56,-36.48
143.169483224249,21.36,-31.92,10.56,-36.48
143.28,21.36,-31.92,10.56,-36.48
143.28,21.36,-31.92,10.56,-36.48
143.28,21.36,-31.92,10.56,-36.48
143.28,21.36,-31.92,10.56,-36.48
143.28,21.36,-31.92,10.56,-36.48
143.28,21.36,-31.92,10.56,-36.48
143.28,21.36,-31.92,10.56,-36.48
143.28,21.36,-31.92,10.56,-36.48
143.28,21.36,-31.92,10.56,-36.48
