1.68,-36.48,32.88,-95.52,1.44
1.64201041602515,-35.6550833194034,32.1364895707781,-93.3600207968589,1.40743749945012
1.60402083205032,-34.8301666388068,31.3929791415561,-91.2000415937177,1.37487499890028
1.56603124807546,-34.0052499582102,30.6494687123342,-89.0400623905766,1.3423124983504
1.52804166410062,-33.1803332776135,29.9059582831122,-86.8800831874355,1.30974999780053
1.49005208012577,-32.3554165970169,29.1624478538903,-84.7201039842944,1.27718749725068
1.45206249615094,-31.5304999164203,28.4189374246683,-82.5601247811532,1.2446249967008
1.41407291217609,-30.7055832358237,27.6754269954464,-80.4001455780121,1.21206249615094
1.37608332820125,-29.8806665552271,26.9319165662244,-78.240166374871,1.17949999560107
1.33809374422641,-29.0557498746305,26.1884061370025,-76.0801871717298,1.14693749505121
1.30010416025157,-28.2308331940339,25.4448957077805,-73.9202079685887,1.11437499450135
1.26211457627671,-27.4059165134373,24.7013852785586,-71.7602287654476,1.08181249395147
1.22412499230189,-26.5809998328406,23.9578748493366,-69.6002495623064,1.04924999340161
1.18613540832702,-25.756083152244,23.2143644201147,-67.4402703591653,1.01668749285173
1.14814582435218,-24.9311664716474,22.4708539908928,-65.2802911560242,0.984124992301872
1.11015624037734,-24.1062497910508,21.7273435616708,-63.1203119528831,0.951562491752011
1.0721666564025,-23.2813331104542,20.9838331324488,-60.9603327497419,0.918999991202136
1.03417707242766,-22.4564164298576,20.2403227032269,-58.8003535466008,0.886437490652274
0.996187488452801,-21.631499749261,19.496812274005,-56.6403743434597,0.853874990102399
0.958197904477975,-20.8065830686643,18.753301844783,-54.4803951403185,0.821312489552538
0.920208320503107,-19.9816663880678,18.0097914155611,-52.3204159371774,0.788749989002663
0.88221873652828,-19.1567497074711,17.2662809863391,-50.1604367340363,0.756187488452801
0.844229152553426,-18.3318330268745,16.5227705571172,-48.0004575308952,0.72362498790294
0.806239568578585,-17.5069163462779,15.7792601278952,-45.840478327754,0.691062487353079
0.768249984603744,-16.6819996656813,15.0357496986733,-43.6804991246129,0.658499986803217
0.730260400628904,-15.8570829850847,14.2922392694513,-41.5205199214718,0.625937486253342
0.69227081665405,-15.0321663044881,13.5487288402294,-39.3605407183306,0.593374985703467
0.654281232679223,-14.2072496238915,12.8052184110075,-37.2005615151895,0.560812485153619
0.616291648704368,-13.3823329432949,12.0617079817855,-35.0405823120484,0.528249984603744
0.578302064729514,-12.5574162626983,11.3181975525635,-32.8806031089073,0.495687484053869
0.540312480754687,-11.7324995821016,10.5746871233416,-30.7206239057661,0.463124983504022
0.502322896779833,-10.907582901505,9.83117669411966,-28.560644702625,0.430562482954147
0.464333312804993,-10.0826662209084,9.08766626489772,-26.4006654994839,0.397999982404272
0.426343728830152,-9.25774954031179,8.34415583567575,-24.2406862963427,0.36543748185441
0.388354144855311,-8.43283285971518,7.6006454064538,-22.0807070932016,0.332874981304549
0.350364560880457,-7.60791617911857,6.85713497723189,-19.9207278900605,0.300312480754674
0.312374976905617,-6.78299949852197,6.11362454800992,-17.7607486869194,0.267749980204812
0.274385392930776,-5.95808281792534,5.37011411878798,-15.6007694837782,0.235187479654951
0.236395808955936,-5.13316613732873,4.62660368956604,-13.4407902806371,0.202624979105076
0.198406224981081,-4.30824945673214,3.88309326034409,-11.280811077496,0.170062478555215
0.160416641006241,-3.48333277613551,3.13958283112212,-9.12083187435481,0.137499978005339
0.1224270570314,-2.65841609553889,2.3960724019002,-6.96085267121368,0.104937477455492
0.0844374730565596,-1.83349941494229,1.65256197267824,-4.80087346807257,0.0723749769056167
0.0464478890817054,-1.00858273434569,0.909051543456298,-2.64089426493146,0.0398124763557416
0.00845830510686483,-0.183666053749057,0.165541114234356,-0.480915061790283,0.00724997580589388
0,0,0,0,0
0,0,0,0,0
0,0,0,0,0
0,0,0,0,0
0,0,0,0,0
0,0,0,0,0
0,0,0,0,0
0,0,0,0,0
0,0,0,0,0
0,0,0,0,0
0,0,0,0,0
0,0,0,0,0
0,0,0,0,0
0,0,0,0,0
0,0,0,0,0
0,0,0,0,0
0,0,0,0,0
0,0,0,0,0
0,0,0,0,0
0,0,0,0,0
0,0,0,0,0
0,0,0,0,0
0,0,0,0,0
0,0,0,0,0
0,0,0,0,0
0,0,0,0,0
0,0,0,0,0
0,0,0,0,0
0,0,0,0,0
0,0,0,0,0
0,0,0,0,0
0,0,0,0,0
0,0,0,0,0
0,0,0,0,0
0,0,0,0,0
0,0,0,0,0
0,0,0,0,0
0,0,0,0,0
0,0,0,0,0
0,0,0,0,0
0,0,0,0,0
0,0,0,0,0
0,0,0,0,0
0,0,0,0,0
0,0,0,0,0
0,0.316091382825693,0.877153587341295,-1.10631983988993,0
0,0.967341393823017,2.68437236785887,-3.38569487838056,0
0,1.61859140482037,4.49159114837651,-5.66506991687128,0
0,2.26984141581765,6.29880992889399,-7.94444495536182,0
0,2.921091426815,8.10602870941166,-10.2238199938525,0
0,3.57234143781234,9.91324748992922,-12.5031950323432,0
0,4.22359144880965,11.7204662704468,-14.7825700708338,0
0,4.87484145980696,13.5276850509643,-17.0619451093244,0
0,5.52609147080429,15.3349038314819,-19.341320147815,0
0,6.17734148180163,17.1421226119996,-21.6206951863057,0
0,6.82859149279894,18.949341392517,-23.9000702247963,0
0,7.47984150379628,20.7565601730347,-26.179445263287,0
0,8.13109151479362,22.5637789535522,-28.4588203017776,0
0,8.78234152579092,24.3709977340698,-30.7381953402682,0
0,9.43359153678826,26.1782165145874,-33.0175703787589,0
0,10.0848415477856,27.985435295105,-35.2969454172495,0
0,10.7360915587829,29.7926540756226,-37.5763204557402,0
0,11.3873415697802,31.5998728561401,-39.8556954942308,0
0,12.0385915807776,33.4070916366577,-42.1350705327215,0
0,12.6898415917749,35.2143104171753,-44.4144455712121,0
0,13.3410916027722,37.0215291976929,-46.6938206097027,0
0,13.9923416137695,38.8287479782105,-48.9731956481933,0
0,14.6435916247668,40.635966758728,-51.252570686684,0
0,15.2948416357642,42.4431855392456,-53.5319457251747,0
0,15.9460916467615,44.2504043197632,-55.8113207636652,0
0,16.5973416577588,46.0576231002808,-58.0906958021559,0
0,17.2485916687561,47.8648418807984,-60.3700708406466,0
0,17.8998416797535,49.6720606613159,-62.6494458791372,0
0,18.5510916907508,51.4792794418335,-64.9288209176278,0
0,19.2023417017481,53.286498222351,-67.2081959561184,0
0,19.8535917127455,55.0937170028687,-69.4875709946092,0
0,20.5048417237428,56.9009357833862,-71.7669460330997,0
0,21.1560917347401,58.7081545639038,-74.0463210715904,0
0,21.8073417457374,60.5153733444214,-76.325696110081,0
0,22.4585917567348,62.3225921249389,-78.6050711485717,0
0,23.1098417677321,64.1298109054565,-80.8844461870623,0
0,23.7610917787294,65.9370296859741,-83.1638212255529,0
0,24.4123417897267,67.7442484664917,-85.4431962640436,0
0,25.0635918007241,69.5514672470092,-87.7225713025342,0
0,25.7148418117214,71.3586860275269,-90.0019463410249,0
0,26.3660918227187,73.1659048080445,-92.2813213795155,0
0,27.017341833716,74.973123588562,-94.5606964180061,0
0,27.6685918447133,76.7803423690796,-96.8400714564968,0
0,28.3198418557107,78.5875611495971,-99.1194464949874,0
0,28.8,79.92,-100.8,0
0,28.8,79.92,-100.8,0
0,28.8,79.92,-100.8,0
0,28.8,79.92,-100.8,0
0,28.8,79.92,-100.8,0
0,28.8,79.92,-100.8,0
0,28.8,79.92,-100.8,0
0,28.8,79.92,-100.8,0
0,28.8,79.92,-100.8,0
0,28.8,79.92,-100.8,0
0,28.8,79.92,-100.8,0
0,28.8,79.92,-100.8,0
0,28.8,79.92,-100.8,0
0,28.8,79.92,-100.8,0
0,28.8,79.92,-100.8,0
0,28.8,79.92,-100.8,0
0,28.8,79.92,-100.8,0
0,28.8,79.92,-100.8,0
0,28.8,79.92,-100.8,0
0,28.8,79.92,-100.8,0
0,28.8,79.92,-100.8,0
0,28.8,79.92,-100.8,0
0,28.8,79.92,-100.8,0
0,28.8,79.92,-100.8,0
0,28.8,79.92,-100.8,0
0,28.8,79.92,-100.8,0
0,28.8,79.92,-100.8,0
0,28.8,79.92,-100.8,0
0,28.8,79.92,-100.8,0
0,28.8,79.92,-100.8,0
0,28.8,79.92,-100.8,0
0,28.8,79.92,-100.8,0
0,28.8,79.92,-100.8,0
0,28.8,79.92,-100.8,0
0,28.8,79.92,-100.8,0
0,28.8,79.92,-100.8,0
0,28.8,79.92,-100.8,0
0,28.8,79.92,-100.8,0
0,28.8,79.92,-100.8,0
0,28.8,79.92,-100.8,0
0,28.8,79.92,-100.8,0
0,28.8,79.92,-100.8,0
0,28.8,79.92,-100.8,0
0,28.8,79.92,-100.8,0
0,28.8,79.92,-100.8,0
1.240568822855,28.7858705145461,79.92,-100.8,0
3.6230584464202,28.7587350974212,79.92,-100.8,0
6.00554806998539,28.7315996802963,79.92,-100.8,0
8.3880376935506,28.7044642631714,79.92,-100.8,0
10.7705273171159,28.6773288460465,79.92,-100.8,0
13.1530169406811,28.6501934289216,79.92,-100.8,0
15.5355065642463,28.6230580117967,79.92,-100.8,0
17.9179961878115,28.5959225946719,79.92,-100.8,0
20.3004858113767,28.5687871775469,79.92,-100.8,0
22.6829754349419,28.5416517604221,79.92,-100.8,0
25.0654650585071,28.5145163432972,79.92,-100.8,0
27.4479546820724,28.4873809261723,79.92,-100.8,0
29.8304443056376,28.4602455090474,79.92,-100.8,0
32.2129339292028,28.4331100919225,79.92,-100.8,0
34.595423552768,28.4059746747977,79.92,-100.8,0
36.9779131763332,28.3788392576727,79.92,-100.8,0
39.3604027998984,28.3517038405479,79.92,-100.8,0
41.7428924234636,28.3245684234229,79.92,-100.8,0
44.1253820470289,28.2974330062981,79.92,-100.8,0
46.5078716705941,28.2702975891732,79.92,-100.8,0
48.8903612941593,28.2431621720483,79.92,-100.8,0
51.2728509177245,28.2160267549234,79.92,-100.8,0
53.6553405412897,28.1888913377985,79.92,-100.8,0
56.0378301648549,28.1617559206736,79.92,-100.8,0
58.4203197884201,28.1346205035487,79.92,-100.8,0
60.8028094119854,28.1074850864238,79.92,-100.8,0
63.1852990355506,28.080349669299,79.92,-100.8,0
65.5677886591158,28.0532142521741,79.92,-100.8,0
67.950278282681,28.0260788350492,79.92,-100.8,0
70.3327679062462,27.9989434179243,79.92,-100.8,0
72.7152575298114,27.9718080007994,79.92,-100.8,0
75.0977471533766,27.9446725836745,79.92,-100.8,0
77.480236776942,27.9175371665496,79.92,-100.8,0
79.8627264005071,27.8904017494248,79.92,-100.8,0
82.2452160240723,27.8632663322998,79.92,-100.8,0
84.6277056476375,27.836130915175,79.92,-100.8,0
87.0101952712027,27.8089954980501,79.92,-100.8,0
89.3926848947679,27.7818600809252,79.92,-100.8,0
91.7751745183331,27.7547246638003,79.92,-100.8,0
94.1576641418984,27.7275892466754,79.92,-100.8,0
96.5401537654636,27.7004538295506,79.92,-100.8,0
98.9226433890288,27.6733184124256,79.92,-100.8,0
101.305133012594,27.6461829953007,79.92,-100.8,0
103.687622636159,27.6190475781758,79.92,-100.8,0
105.36,27.6,79.92,-100.8,0
105.36,27.6,79.92,-100.8,0
105.36,27.6,79.92,-100.8,0
105.36,27.6,79.92,-100.8,0
105.36,27.6,79.92,-100.8,0
105.36,27.6,79.92,-100.8,0
105.36,27.6,79.92,-100.8,0
105.36,27.6,79.92,-100.8,0
105.36,27.6,79.92,-100.8,0
105.36,27.6,79.92,-100.8,0
105.36,27.6,79.92,-100.8,0
105.36,27.6,79.92,-100.8,0
105.36,27.6,79.92,-100.8,0
105.36,27.6,79.92,-100.8,0
105.36,27.6,79.92,-100.8,0
105.36,27.6,79.92,-100.8,0
105.36,27.6,79.92,-100.8,0
105.36,27.6,79.92,-100.8,0
105.36,27.6,79.92,-100.8,0
105.36,27.6,79.92,-100.8,0
105.36,27.6,79.92,-100.8,0
105.36,27.6,79.92,-100.8,0
105.36,27.6,79.92,-100.8,0
105.36,27.6,79.92,-100.8,0
105.36,27.6,79.92,-100.8,0
105.36,27.6,79.92,-100.8,0
105.36,27.6,79.92,-100.8,0
105.36,27.6,79.92,-100.8,0
105.36,27.6,79.92,-100.8,0
105.36,27.6,79.92,-100.8,0
105.36,27.6,79.92,-100.8,0
105.36,27.6,79.92,-100.8,0
105.36,27.6,79.92,-100.8,0
105.36,27.6,79.92,-100.8,0
105.36,27.6,79.92,-100.8,0
105.36,27.6,79.92,-100.8,0
105.36,27.6,79.92,-100.8,0
105.36,27.6,79.92,-100.8,0
105.36,27.6,79.92,-100.8,0
105.36,27.6,79.92,-100.8,0
105.36,27.6,79.92,-100.8,0
105.36,27.6,79.92,-100.8,0
105.36,27.6,79.92,-100.8,0
105.36,27.6,79.92,-100.8,0
105.36,27.6,79.92,-100.8,0
105.367865029584,26.7846585997732,79.31177104549,-100.820973412224,0.256924299749912
105.384146279859,25.0968356546052,78.0526876908952,-100.864390079624,0.788778475397694
105.400427530134,23.4090127094372,76.7936043363004,-100.907806747024,1.32063265104549
105.416708780409,21.7211897642691,75.5345209817056,-100.951223414424,1.85248682669333
105.432990030684,20.033366819101,74.2754376271107,-100.994640081824,2.38434100234115
105.449271280959,18.345543873933,73.016354272516,-101.038056749224,2.91619517798896
105.465552531234,16.6577209287649,71.7572709179211,-101.081473416623,3.44804935363678
105.481833781509,14.9698979835968,70.4981875633262,-101.124890084023,3.97990352928463
105.498115031784,13.2820750384288,69.2391042087315,-101.168306751423,4.5117577049324
105.514396282059,11.5942520932608,67.9800208541367,-101.211723418823,5.04361188058019
105.530677532333,9.90642914809267,66.7209374995418,-101.255140086223,5.57546605622804
105.546958782608,8.21860620292454,65.4618541449469,-101.298556753623,6.10732023187589
105.563240032883,6.53078325775655,64.2027707903521,-101.341973421022,6.63917440752366
105.579521283158,4.84296031258842,62.9436874357573,-101.385390088422,7.17102858317148
105.595802533433,3.15513736742029,61.6846040811624,-101.428806755822,7.70288275881933
105.612083783708,1.4673144222523,60.4255207265676,-101.472223423222,8.23473693446713
105.628365033983,-0.220508522915688,59.1664373719728,-101.515640090622,8.76659111011492
105.644646284258,-1.90833146808382,57.907354017378,-101.559056758021,9.29844528576275
105.660927534533,-3.59615441325194,56.6482706627831,-101.602473425421,9.83029946141057
105.677208784808,-5.28397735841993,55.3891873081883,-101.645890092821,10.3621536370584
105.693490035083,-6.97180030358806,54.1301039535935,-101.689306760221,10.8940078127062
105.709771285358,-8.65962324875617,52.8710205989986,-101.732723427621,11.425861988354
105.726052535633,-10.3474461939242,51.6119372444038,-101.776140095021,11.9577161640018
105.742333785908,-12.0352691390922,50.3528538898091,-101.81955676242,12.4895703396496
105.758615036183,-13.7230920842603,49.0937705352142,-101.86297342982,13.0214245152974
105.774896286457,-15.4109150294284,47.8346871806193,-101.90639009722,13.5532786909453
105.791177536732,-17.0987379745964,46.5756038260245,-101.94980676462,14.0851328665931
105.807458787007,-18.7865609197645,45.3165204714297,-101.99322343202,14.6169870422409
105.823740037282,-20.4743838649327,44.0574371168348,-102.036640099419,15.1488412178888
105.840021287557,-22.1622068101007,42.79835376224,-102.080056766819,15.6806953935365
105.856302537832,-23.8500297552687,41.5392704076453,-102.123473434219,16.2125495691843
105.872583788107,-25.5378527004368,40.2801870530504,-102.166890101619,16.7444037448322
105.888865038382,-27.2256756456049,39.0211036984555,-102.210306769019,17.27625792048
105.905146288657,-28.9134985907729,37.7620203438607,-102.253723436419,17.8081120961278
105.921427538932,-30.601321535941,36.5029369892659,-102.297140103818,18.3399662717756
105.937708789207,-32.2891444811091,35.243853634671,-102.340556771218,18.8718204474234
105.953990039482,-33.9769674262771,33.9847702800762,-102.383973438618,19.4036746230713
105.970271289757,-35.6647903714451,32.7256869254815,-102.427390106018,19.935528798719
105.986552540032,-37.3526133166133,31.4666035708866,-102.470806773418,20.4673829743669
106.002833790307,-39.0404362617814,30.2075202162917,-102.514223440818,20.9992371500147
106.019115040581,-40.7282592069494,28.9484368616969,-102.557640108217,21.5310913256625
106.035396290856,-42.4160821521175,27.6893535071021,-102.601056775617,22.0629455013103
106.051677541131,-44.1039050972856,26.4302701525072,-102.644473443017,22.5947996769582
106.067958791406,-45.7917280424536,25.1711867979124,-102.687890110417,23.126653852606
106.08,-47.04,24.24,-102.72,23.52
106.08,-47.04,24.24,-102.72,23.52
106.08,-47.04,24.24,-102.72,23.52
106.08,-47.04,24.24,-102.72,23.52
106.08,-47.04,24.24,-102.72,23.52
106.08,-47.04,24.24,-102.72,23.52
106.08,-47.04,24.24,-102.72,23.52
106.08,-47.04,24.24,-102.72,23.52
106.08,-47.04,24.24,-102.72,23.52
106.08,-47.04,24.24,-102.72,23.52
106.08,-47.04,24.24,-102.72,23.52
106.08,-47.04,24.24,-102.72,23.52
106.08,-47.04,24.24,-102.72,23.52
106.08,-47.04,24.24,-102.72,23.52
106.08,-47.04,24.24,-102.72,23.52
106.08,-47.04,24.24,-102.72,23.52
106.08,-47.04,24.24,-102.72,23.52
106.08,-47.04,24.24,-102.72,23.52
106.08,-47.04,24.24,-102.72,23.52
106.08,-47.04,24.24,-102.72,23.52
106.08,-47.04,24.24,-102.72,23.52
106.08,-47.04,24.24,-102.72,23.52
106.08,-47.04,24.24,-102.72,23.52
106.08,-47.04,24.24,-102.72,23.52
106.08,-47.04,24.24,-102.72,23.52
106.08,-47.04,24.24,-102.72,23.52
106.08,-47.04,24.24,-102.72,23.52
106.08,-47.04,24.24,-102.72,23.52
106.08,-47.04,24.24,-102.72,23.52
106.08,-47.04,24.24,-102.72,23.52
106.08,-47.04,24.24,-102.72,23.52
106.08,-47.04,24.24,-102.72,23.52
106.08,-47.04,24.24,-102.72,23.52
106.08,-47.04,24.24,-102.72,23.52
106.08,-47.04,24.24,-102.72,23.52
106.08,-47.04,24.24,-102.72,23.52
106.08,-47.04,24.24,-102.72,23.52
106.08,-47.04,24.24,-102.72,23.52
106.08,-47.04,24.24,-102.72,23.52
106.08,-47.04,24.24,-102.72,23.52
106.08,-47.04,24.24,-102.72,23.52
106.08,-47.04,24.24,-102.72,23.52
106.08,-47.04,24.24,-102.72,23.52
106.08,-47.04,24.24,-102.72,23.52
106.08,-47.04,24.24,-102.72,23.52
106.072740765649,-47.0303210208652,24.2448394895674,-102.642568166922,23.5127407656489
106.056459515374,-47.0086126871653,24.2556936564173,-102.468901497323,23.496459515374
106.040178265099,-46.9869043534654,24.2665478232673,-102.295234827723,23.480178265099
106.023897014824,-46.9651960197655,24.2774019901172,-102.121568158124,23.4638970148241
106.007615764549,-46.9434876860656,24.2882561569672,-101.947901488525,23.4476157645492
105.991334514274,-46.9217793523657,24.2991103238172,-101.774234818925,23.4313345142743
105.975053263999,-46.9000710186658,24.3099644906671,-101.600568149326,23.4150532639993
105.958772013724,-46.8783626849659,24.3208186575171,-101.426901479727,23.3987720137244
105.942490763449,-46.8566543512659,24.331672824367,-101.253234810128,23.3824907634495
105.926209513175,-46.834946017566,24.342526991217,-101.079568140528,23.3662095131745
105.9099282629,-46.8132376838661,24.3533811580669,-100.905901470929,23.3499282628996
105.893647012625,-46.7915293501662,24.3642353249169,-100.73223480133,23.3336470126246
105.87736576235,-46.7698210164663,24.3750894917668,-100.55856813173,23.3173657623497
105.861084512075,-46.7481126827664,24.3859436586168,-100.384901462131,23.3010845120748
105.8448032618,-46.7264043490665,24.3967978254668,-100.211234792532,23.2848032617999
105.828522011525,-46.7046960153666,24.4076519923167,-100.037568122932,23.2685220115249
105.81224076125,-46.6829876816667,24.4185061591667,-99.8639014533332,23.25224076125
105.795959510975,-46.6612793479667,24.4293603260166,-99.6902347837339,23.2359595109751
105.7796782607,-46.6395710142668,24.4402144928666,-99.5165681141346,23.2196782607001
105.763397010425,-46.6178626805669,24.4510686597165,-99.3429014445354,23.2033970104252
105.74711576015,-46.596154346867,24.4619228265665,-99.1692347749361,23.1871157601503
105.730834509875,-46.5744460131671,24.4727769934164,-98.9955681053368,23.1708345098753
105.7145532596,-46.5527376794672,24.4836311602664,-98.8219014357375,23.1545532596004
105.698272009325,-46.5310293457673,24.4944853271164,-98.6482347661382,23.1382720093255
105.681990759051,-46.5093210120674,24.5053394939663,-98.4745680965389,23.1219907590505
105.665709508776,-46.4876126783675,24.5161936608163,-98.3009014269396,23.1057095087756
105.649428258501,-46.4659043446675,24.5270478276662,-98.1272347573403,23.0894282585007
105.633147008226,-46.4441960109676,24.5379019945162,-97.9535680877411,23.0731470082257
105.616865757951,-46.4224876772677,24.5487561613661,-97.7799014181418,23.0568657579508
105.600584507676,-46.4007793435678,24.5596103282161,-97.6062347485425,23.0405845076759
105.584303257401,-46.3790710098679,24.5704644950661,-97.4325680789432,23.0243032574009
105.568022007126,-46.357362676168,24.581318661916,-97.2589014093439,23.008022007126
105.551740756851,-46.3356543424681,24.5921728287659,-97.0852347397446,22.9917407568511
105.535459506576,-46.3139460087682,24.6030269956159,-96.9115680701453,22.9754595065761
105.519178256301,-46.2922376750683,24.6138811624659,-96.7379014005461,22.9591782563012
105.502897006026,-46.2705293413683,24.6247353293158,-96.5642347309468,22.9428970060263
105.486615755751,-46.2488210076684,24.6355894961658,-96.3905680613475,22.9266157557513
105.470334505476,-46.2271126739685,24.6464436630157,-96.2169013917482,22.9103345054764
105.454053255201,-46.2054043402686,24.6572978298657,-96.0432347221489,22.8940532552015
105.437772004927,-46.1836960065687,24.6681519967157,-95.8695680525496,22.8777720049265
105.421490754652,-46.1619876728688,24.6790061635656,-95.6959013829503,22.8614907546516
105.405209504377,-46.1402793391689,24.6898603304156,-95.522234713351,22.8452095043767
105.388928254102,-46.118571005469,24.7007144972655,-95.3485680437518,22.8289282541017
105.372647003827,-46.0968626717691,24.7115686641155,-95.1749013741525,22.8126470038268
105.36,-46.08,24.72,-95.04,22.8
105.36,-46.08,24.72,-95.04,22.8
105.36,-46.08,24.72,-95.04,22.8
105.36,-46.08,24.72,-95.04,22.8
105.36,-46.08,24.72,-95.04,22.8
105.36,-46.08,24.72,-95.04,22.8
105.36,-46.08,24.72,-95.04,22.8
105.36,-46.08,24.72,-95.04,22.8
105.36,-46.08,24.72,-95.04,22.8
105.36,-46.08,24.72,-95.04,22.8
105.36,-46.08,24.72,-95.04,22.8
105.36,-46.08,24.72,-95.04,22.8
105.36,-46.08,24.72,-95.04,22.8
105.36,-46.08,24.72,-95.04,22.8
105.36,-46.08,24.72,-95.04,22.8
105.36,-46.08,24.72,-95.04,22.8
105.36,-46.08,24.72,-95.04,22.8
105.36,-46.08,24.72,-95.04,22.8
105.36,-46.08,24.72,-95.04,22.8
105.36,-46.08,24.72,-95.04,22.8
105.36,-46.08,24.72,-95.04,22.8
105.36,-46.08,24.72,-95.04,22.8
105.36,-46.08,24.72,-95.04,22.8
105.36,-46.08,24.72,-95.04,22.8
105.36,-46.08,24.72,-95.04,22.8
105.36,-46.08,24.72,-95.04,22.8
105.36,-46.08,24.72,-95.04,22.8
105.36,-46.08,24.72,-95.04,22.8
105.36,-46.08,24.72,-95.04,22.8
105.36,-46.08,24.72,-95.04,22.8
105.36,-46.08,24.72,-95.04,22.8
105.36,-46.08,24.72,-95.04,22.8
105.36,-46.08,24.72,-95.04,22.8
105.36,-46.08,24.72,-95.04,22.8
105.36,-46.08,24.72,-95.04,22.8
105.36,-46.08,24.72,-95.04,22.8
105.36,-46.08,24.72,-95.04,22.8
105.36,-46.08,24.72,-95.04,22.8
105.36,-46.08,24.72,-95.04,22.8
105.36,-46.08,24.72,-95.04,22.8
105.36,-46.08,24.72,-95.04,22.8
105.36,-46.08,24.72,-95.04,22.8
105.36,-46.08,24.72,-95.04,22.8
105.36,-46.08,24.72,-95.04,22.8
105.36,-46.08,24.72,-95.04,22.8
104.249387066815,-45.6815161929546,24.5657482037244,-95.0425708632713,22.5660514423153
101.904887027225,-44.840318262083,24.2401231982257,-95.0479979466962,22.0721868506423
99.5603869876345,-43.9991203312115,23.914498192727,-95.0534250301212,21.5783222589693
97.2158869480443,-43.1579224003399,23.5888731872284,-95.0588521135462,21.0844576672963
94.8713869084538,-42.3167244694684,23.2632481817297,-95.0642791969712,20.5905930756234
92.5268868688635,-41.4755265385969,22.9376231762311,-95.0697062803961,20.0967284839504
90.1823868292731,-40.6343286077253,22.6119981707324,-95.0751333638211,19.6028638922774
87.8378867896828,-39.7931306768538,22.2863731652337,-95.0805604472461,19.1089993006045
85.4933867500923,-38.9519327459822,21.9607481597351,-95.0859875306711,18.6151347089315
83.1488867105019,-38.1107348151106,21.6351231542364,-95.0914146140961,18.1212701172585
80.8043866709116,-37.2695368842391,21.3094981487377,-95.096841697521,17.6274055255855
78.4598866313212,-36.4283389533676,20.9838731432391,-95.102268780946,17.1335409339126
76.1153865917309,-35.5871410224961,20.6582481377404,-95.107695864371,16.6396763422396
73.7708865521405,-34.7459430916245,20.3326231322417,-95.113122947796,16.1458117505666
71.4263865125502,-33.904745160753,20.0069981267431,-95.1185500312209,15.6519471588937
69.0818864729598,-33.0635472298814,19.6813731212444,-95.1239771146459,15.1580825672207
66.7373864333693,-32.2223492990098,19.3557481157457,-95.1294041980709,14.6642179755477
64.392886393779,-31.3811513681383,19.0301231102471,-95.1348312814959,14.1703533838748
62.0483863541886,-30.5399534372667,18.7044981047484,-95.1402583649209,13.6764887922018
59.7038863145983,-29.6987555063952,18.3788730992498,-95.1456854483458,13.1826242005288
57.3593862750079,-28.8575575755237,18.0532480937511,-95.1511125317708,12.6887596088558
55.0148862354176,-28.0163596446522,17.7276230882524,-95.1565396151958,12.1948950171829
52.6703861958272,-27.1751617137806,17.4019980827538,-95.1619666986208,11.7010304255099
50.3258861562367,-26.333963782909,17.0763730772551,-95.1673937820457,11.2071658338369
47.9813861166464,-25.4927658520375,16.7507480717564,-95.1728208654707,10.713301242164
45.636886077056,-24.6515679211659,16.4251230662578,-95.1782479488957,10.219436650491
43.2923860374657,-23.8103699902944,16.0994980607591,-95.1836750323207,9.725572058818
40.9478859978753,-22.9691720594228,15.7738730552605,-95.1891021157457,9.23170746714501
38.603385958285,-22.1279741285514,15.4482480497618,-95.1945291991706,8.73784287547209
36.2588859186946,-21.2867761976798,15.1226230442631,-95.1999562825956,8.24397828379908
33.9143858791041,-20.4455782668082,14.7969980387645,-95.2053833660206,7.7501136921261
31.5698858395138,-19.6043803359367,14.4713730332658,-95.2108104494456,7.25624910045317
29.2253857999234,-18.7631824050651,14.1457480277671,-95.2162375328706,6.76238450878016
26.8808857603331,-17.9219844741936,13.8201230222685,-95.2216646162955,6.2685199171072
24.5363857207427,-17.080786543322,13.4944980167698,-95.2270916997205,5.77465532543422
22.1918856811524,-16.2395886124505,13.1688730112712,-95.2325187831455,5.28079073376127
19.847385641562,-15.3983906815789,12.8432480057725,-95.2379458665705,4.78692614208829
17.5028856019715,-14.5571927507074,12.5176230002738,-95.2433729499954,4.2930615504153
15.1583855623812,-13.7159948198359,12.1919979947752,-95.2488000334204,3.79919695874235
12.8138855227908,-12.8747968889643,11.8663729892765,-95.2542271168454,3.30533236706937
10.4693854832005,-12.0335989580928,11.5407479837779,-95.2596542002704,2.8114677753964
8.12488544361009,-11.1924010272212,11.2151229782792,-95.2650812836954,2.31760318372342
5.78038540401983,-10.3512030963497,10.8894979727805,-95.2705083671203,1.82373859205046
3.43588536442937,-9.51000516547814,10.5638729672819,-95.2759354505453,1.32987400037748
1.68,-8.88,10.32,-95.28,0.96
1.68,-8.88,10.32,-95.28,0.96
1.68,-8.88,10.32,-95.28,0.96
1.68,-8.88,10.32,-95.28,0.96
1.68,-8.88,10.32,-95.28,0.96
1.68,-8.88,10.32,-95.28,0.96
1.68,-8.88,10.32,-95.28,0.96
1.68,-8.88,10.32,-95.28,0.96
1.68,-8.88,10.32,-95.28,0.96
1.68,-8.88,10.32,-95.28,0.96
1.68,-8.88,10.32,-95.28,0.96
1.68,-8.88,10.32,-95.28,0.96
1.68,-8.88,10.32,-95.28,0.96
1.68,-8.88,10.32,-95.28,0.96
1.68,-8.88,10.32,-95.28,0.96
1.68,-8.88,10.32,-95.28,0.96
1.68,-8.88,10.32,-95.28,0.96
1.68,-8.88,10.32,-95.28,0.96
1.68,-8.88,10.32,-95.28,0.96
1.68,-8.88,10.32,-95.28,0.96
1.68,-8.88,10.32,-95.28,0.96
1.68,-8.88,10.32,-95.28,0.96
1.68,-8.88,10.32,-95.28,0.96
1.68,-8.88,10.32,-95.28,0.96
1.68,-8.88,10.32,-95.28,0.96
1.68,-8.88,10.32,-95.28,0.96
1.68,-8.88,10.32,-95.28,0.96
1.68,-8.88,10.32,-95.28,0.96
1.68,-8.88,10.32,-95.28,0.96
1.68,-8.88,10.32,-95.28,0.96
1.68,-8.88,10.32,-95.28,0.96
1.68,-8.88,10.32,-95.28,0.96
1.68,-8.88,10.32,-95.28,0.96
1.68,-8.88,10.32,-95.28,0.96
1.68,-8.88,10.32,-95.28,0.96
1.68,-8.88,10.32,-95.28,0.96
1.68,-8.88,10.32,-95.28,0.96
1.68,-8.88,10.32,-95.28,0.96
1.68,-8.88,10.32,-95.28,0.96
1.68,-8.88,10.32,-95.28,0.96
1.68,-8.88,10.32,-95.28,0.96
1.68,-8.88,10.32,-95.28,0.96
1.68,-8.88,10.32,-95.28,0.96
1.68,-8.88,10.32,-95.28,0.96
1.68,-8.88,10.32,-95.28,0.96
1.67753127599263,-9.158965812832,10.5495913326848,-95.28,0.96
1.67210419256765,-9.77222623985451,11.0543100912077,-95.28,0.96
1.66667710914267,-10.385486666877,11.5590288497306,-95.28,0.96
1.66125002571771,-10.9987470938995,12.0637476082535,-95.28,0.96
1.65582294229272,-11.612007520922,12.5684663667765,-95.28,0.96
1.65039585886775,-12.2252679479444,13.0731851252994,-95.28,0.96
1.64496877544276,-12.8385283749669,13.5779038838223,-95.28,0.96
1.63954169201779,-13.4517888019894,14.0826226423452,-95.28,0.96
1.63411460859281,-14.0650492290119,14.5873414008682,-95.28,0.96
1.62868752516785,-14.6783096560343,15.0920601593911,-95.28,0.96
1.62326044174285,-15.2915700830568,15.596778917914,-95.28,0.96
1.61783335831789,-15.9048305100793,16.101497676437,-95.28,0.96
1.61240627489291,-16.5180909371018,16.6062164349599,-95.28,0.96
1.60697919146793,-17.1313513641243,17.1109351934828,-95.28,0.96
1.60155210804295,-17.7446117911468,17.6156539520057,-95.28,0.96
1.59612502461796,-18.3578722181692,18.1203727105287,-95.28,0.96
1.59069794119299,-18.9711326451917,18.6250914690516,-95.28,0.96
1.58527085776801,-19.5843930722142,19.1298102275745,-95.28,0.96
1.57984377434303,-20.1976534992367,19.6345289860975,-95.28,0.96
1.57441669091806,-20.8109139262592,20.1392477446204,-95.28,0.96
1.56898960749308,-21.4241743532817,20.6439665031433,-95.28,0.96
1.56356252406811,-22.0374347803041,21.1486852616662,-95.28,0.96
1.55813544064312,-22.6506952073266,21.6534040201892,-95.28,0.96
1.55270835721815,-23.2639556343491,22.1581227787121,-95.28,0.96
1.54728127379316,-23.8772160613716,22.662841537235,-95.28,0.96
1.54185419036819,-24.4904764883941,23.167560295758,-95.28,0.96
1.53642710694323,-25.1037369154165,23.6722790542809,-95.28,0.96
1.53100002351824,-25.716997342439,24.1769978128038,-95.28,0.96
1.52557294009327,-26.3302577694615,24.6817165713267,-95.28,0.96
1.52014585666828,-26.943518196484,25.1864353298497,-95.28,0.96
1.51471877324331,-27.5567786235065,25.6911540883726,-95.28,0.96
1.50929168981833,-28.170039050529,26.1958728468955,-95.28,0.96
1.50386460639335,-28.7832994775515,26.7005916054184,-95.28,0.96
1.49843752296837,-29.3965599045739,27.2053103639413,-95.28,0.96
1.4930104395434,-30.0098203315964,27.7100291224643,-95.28,0.96
1.48758335611842,-30.6230807586189,28.2147478809872,-95.28,0.96
1.48215627269344,-31.2363411856414,28.7194666395101,-95.28,0.96
1.47672918926847,-31.8496016126639,29.2241853980331,-95.28,0.96
1.47130210584348,-32.4628620396863,29.728904156556,-95.28,0.96
1.46587502241851,-33.0761224667088,30.2336229150789,-95.28,0.96
1.46044793899353,-33.6893828937313,30.7383416736018,-95.28,0.96
1.45502085556855,-34.3026433207538,31.2430604321248,-95.28,0.96
1.44959377214358,-34.9159037477762,31.7477791906477,-95.28,0.96
1.44416668871858,-35.5291641747987,32.2524979491707,-95.28,0.96
1.44,-36,32.64,-95.28,0.96
1.44,-36,32.64,-95.28,0.96
1.44,-36,32.64,-95.28,0.96
1.44,-36,32.64,-95.28,0.96
1.44,-36,32.64,-95.28,0.96
1.44,-36,32.64,-95.28,0.96
1.44,-36,32.64,-95.28,0.96
1.44,-36,32.64,-95.28,0.96
1.44,-36,32.64,-95.28,0.96
1.44,-36,32.64,-95.28,0.96
1.44,-36,32.64,-95.28,0.96
1.44,-36,32.64,-95.28,0.96
1.44,-36,32.64,-95.28,0.96
1.44,-36,32.64,-95.28,0.96
1.44,-36,32.64,-95.28,0.96
1.44,-36,32.64,-95.28,0.96
1.44,-36,32.64,-95.28,0.96
1.44,-36,32.64,-95.28,0.96
1.44,-36,32.64,-95.28,0.96
1.44,-36,32.64,-95.28,0.96
1.44,-36,32.64,-95.28,0.96
1.44,-36,32.64,-95.28,0.96
1.44,-36,32.64,-95.28,0.96
1.44,-36,32.64,-95.28,0.96
1.44,-36,32.64,-95.28,0.96
1.44,-36,32.64,-95.28,0.96
1.44,-36,32.64,-95.28,0.96
1.44,-36,32.64,-95.28,0.96
1.44,-36,32.64,-95.28,0.96
1.44,-36,32.64,-95.28,0.96
1.44,-36,32.64,-95.28,0.96
1.44,-36,32.64,-95.28,0.96
1.44,-36,32.64,-95.28,0.96
1.44,-36,32.64,-95.28,0.96
1.44,-36,32.64,-95.28,0.96
1.44,-36,32.64,-95.28,0.96
1.44,-36,32.64,-95.28,0.96
1.44,-36,32.64,-95.28,0.96
1.44,-36,32.64,-95.28,0.96
1.44,-36,32.64,-95.28,0.96
1.44,-36,32.64,-95.28,0.96
1.44,-36,32.64,-95.28,0.96
1.44,-36,32.64,-95.28,0.96
1.44,-36,32.64,-95.28,0.96
1.44,-36,32.64,-95.28,0.96
1.44258642574688,-36.0025864257469,32.64,-95.2774135742531,0.96
1.44801350917186,-36.0080135091719,32.64,-95.2719864908281,0.96
1.45344059259684,-36.0134405925968,32.64,-95.2665594074032,0.96
1.45886767602182,-36.0188676760218,32.64,-95.2611323239782,0.96
1.46429475944678,-36.0242947594468,32.64,-95.2557052405532,0.96
1.46972184287178,-36.0297218428718,32.64,-95.2502781571282,0.96
1.47514892629674,-36.0351489262967,32.64,-95.2448510737033,0.96
1.48057600972172,-36.0405760097217,32.64,-95.2394239902783,0.96
1.4860030931467,-36.0460030931467,32.64,-95.2339969068533,0.96
1.49143017657168,-36.0514301765717,32.64,-95.2285698234283,0.96
1.49685725999666,-36.0568572599967,32.64,-95.2231427400033,0.96
1.50228434342164,-36.0622843434216,32.64,-95.2177156565784,0.96
1.50771142684662,-36.0677114268466,32.64,-95.2122885731534,0.96
1.51313851027158,-36.0731385102716,32.64,-95.2068614897284,0.96
1.51856559369658,-36.0785655936966,32.64,-95.2014344063034,0.96
1.52399267712154,-36.0839926771216,32.64,-95.1960073228785,0.96
1.52941976054653,-36.0894197605465,32.64,-95.1905802394535,0.96
1.5348468439715,-36.0948468439715,32.64,-95.1851531560285,0.96
1.54027392739649,-36.1002739273965,32.64,-95.1797260726035,0.96
1.54570101082146,-36.1057010108215,32.64,-95.1742989891785,0.96
1.55112809424644,-36.1111280942464,32.64,-95.1688719057536,0.96
1.55655517767142,-36.1165551776714,32.64,-95.1634448223286,0.96
1.5619822610964,-36.1219822610964,32.64,-95.1580177389036,0.96
1.56740934452137,-36.1274093445214,32.64,-95.1525906554786,0.96
1.57283642794635,-36.1328364279464,32.64,-95.1471635720537,0.96
1.57826351137132,-36.1382635113713,32.64,-95.1417364886287,0.96
1.5836905947963,-36.1436905947963,32.64,-95.1363094052037,0.96
1.58911767822129,-36.1491176782213,32.64,-95.1308823217787,0.96
1.59454476164626,-36.1545447616463,32.64,-95.1254552383537,0.96
1.59997184507125,-36.1599718450712,32.64,-95.1200281549288,0.96
1.60539892849622,-36.1653989284962,32.64,-95.1146010715038,0.96
1.61082601192119,-36.1708260119212,32.64,-95.1091739880788,0.96
1.61625309534617,-36.1762530953462,32.64,-95.1037469046538,0.96
1.62168017877115,-36.1816801787712,32.64,-95.0983198212289,0.96
1.62710726219612,-36.1871072621961,32.64,-95.0928927378039,0.96
1.6325343456211,-36.1925343456211,32.64,-95.0874656543789,0.96
1.63796142904608,-36.1979614290461,32.64,-95.0820385709539,0.96
1.64338851247106,-36.2033885124711,32.64,-95.0766114875289,0.96
1.64881559589604,-36.208815595896,32.64,-95.071184404104,0.96
1.65424267932101,-36.214242679321,32.64,-95.065757320679,0.96
1.65966976274599,-36.219669762746,32.64,-95.060330237254,0.96
1.66509684617097,-36.225096846171,32.64,-95.054903153829,0.96
1.67052392959595,-36.230523929596,32.64,-95.0494760704041,0.96
1.67595101302092,-36.2359510130209,32.64,-95.0440489869791,0.96
1.68,-36.24,32.64,-95.04,0.96
1.68,-36.24,32.64,-95.04,0.96
1.68,-36.24,32.64,-95.04,0.96
1.68,-36.24,32.64,-95.04,0.96
1.68,-36.24,32.64,-95.04,0.96
1.68,-36.24,32.64,-95.04,0.96
1.68,-36.24,32.64,-95.04,0.96
1.68,-36.24,32.64,-95.04,0.96
1.68,-36.24,32.64,-95.04,0.96
1.68,-36.24,32.64,-95.04,0.96
1.68,-36.24,32.64,-95.04,0.96
1.68,-36.24,32.64,-95.04,0.96
1.68,-36.24,32.64,-95.04,0.96
1.68,-36.24,32.64,-95.04,0.96
1.68,-36.24,32.64,-95.04,0.96
1.68,-36.24,32.64,-95.04,0.96
1.68,-36.24,32.64,-95.04,0.96
1.68,-36.24,32.64,-95.04,0.96
1.68,-36.24,32.64,-95.04,0.96
1.68,-36.24,32.64,-95.04,0.96
1.68,-36.24,32.64,-95.04,0.96
1.68,-36.24,32.64,-95.04,0.96
1.68,-36.24,32.64,-95.04,0.96
1.68,-36.24,32.64,-95.04,0.96
1.68,-36.24,32.64,-95.04,0.96
1.68,-36.24,32.64,-95.04,0.96
1.68,-36.24,32.64,-95.04,0.96
1.68,-36.24,32.64,-95.04,0.96
1.68,-36.24,32.64,-95.04,0.96
1.68,-36.24,32.64,-95.04,0.96
1.68,-36.24,32.64,-95.04,0.96
1.68,-36.24,32.64,-95.04,0.96
1.68,-36.24,32.64,-95.04,0.96
1.68,-36.24,32.64,-95.04,0.96
1.68,-36.24,32.64,-95.04,0.96
1.68,-36.24,32.64,-95.04,0.96
1.68,-36.24,32.64,-95.04,0.96
1.68,-36.24,32.64,-95.04,0.96
1.68,-36.24,32.64,-95.04,0.96
1.68,-36.24,32.64,-95.04,0.96
1.68,-36.24,32.64,-95.04,0.96
1.68,-36.24,32.64,-95.04,0.96
1.68,-36.24,32.64,-95.04,0.96
1.68,-36.24,32.64,-95.04,0.96
1.68,-36.24,32.64,-95.04,0.96
1.68,-36.24,32.64,-95.04,0.96
1.68,-36.24,32.64,-95.04,0.96
1.68,-36.24,32.64,-95.04,0.96
1.68,-36.24,32.64,-95.04,0.96
1.68,-36.24,32.64,-95.04,0.96
1.68,-36.24,32.64,-95.04,0.96
1.68,-36.24,32.64,-95.04,0.96
1.68,-36.24,32.64,-95.04,0.96
1.68,-36.24,32.64,-95.04,0.96
1.68,-36.24,32.64,-95.04,0.96
1.68,-36.24,32.64,-95.04,0.96
1.68,-36.24,32.64,-95.04,0.96
1.68,-36.24,32.64,-95.04,0.96
1.68,-36.24,32.64,-95.04,0.96
1.68,-36.24,32.64,-95.04,0.96
1.68,-36.24,32.64,-95.04,0.96
1.68,-36.24,32.64,-95.04,0.96
1.68,-36.24,32.64,-95.04,0.96
1.68,-36.24,32.64,-95.04,0.96
1.68,-36.24,32.64,-95.04,0.96
1.68,-36.24,32.64,-95.04,0.96
1.68,-36.24,32.64,-95.04,0.96
1.68,-36.24,32.64,-95.04,0.96
1.68,-36.24,32.64,-95.04,0.96
1.68,-36.24,32.64,-95.04,0.96
1.68,-36.24,32.64,-95.04,0.96
1.68,-36.24,32.64,-95.04,0.96
1.68,-36.24,32.64,-95.04,0.96
1.68,-36.24,32.64,-95.04,0.96
1.68,-36.24,32.64,-95.04,0.96
1.68,-36.24,32.64,-95.04,0.96
1.68,-36.24,32.64,-95.04,0.96
1.68,-36.24,32.64,-95.04,0.96
1.68,-36.24,32.64,-95.04,0.96
1.68,-36.24,32.64,-95.04,0.96
1.68,-36.24,32.64,-95.04,0.96
1.68,-36.24,32.64,-95.04,0.96
1.68,-36.24,32.64,-95.04,0.96
1.68,-36.24,32.64,-95.04,0.96
1.68,-36.24,32.64,-95.04,0.96
1.68,-36.24,32.64,-95.04,0.96
1.68,-36.24,32.64,-95.04,0.96
1.68,-36.24,32.64,-95.04,0.96
1.68,-36.24,32.64,-95.04,0.96
1.68,-36.24,32.64,-95.04,0.96
1.68,-36.24,32.64,-95.04,0.96
1.68,-36.24,32.64,-95.04,0.96
1.68,-36.24,32.64,-95.04,0.96
1.68,-36.24,32.64,-95.04,0.96
1.68,-36.24,32.64,-95.04,0.96
1.68,-36.24,32.64,-95.04,0.96
1.68,-36.24,32.64,-95.04,0.96
1.68,-36.24,32.64,-95.04,0.96
1.68,-36.24,32.64,-95.04,0.96
1.68,-36.24,32.64,-95.04,0.96
1.68,-36.24,32.64,-95.04,0.96
1.68,-36.24,32.64,-95.04,0.96
1.68,-36.24,32.64,-95.04,0.96
1.68,-36.24,32.64,-95.04,0.96
1.68,-36.24,32.64,-95.04,0.96
1.68,-36.24,32.64,-95.04,0.96
1.68,-36.24,32.64,-95.04,0.96
1.68,-36.24,32.64,-95.04,0.96
1.68,-36.24,32.64,-95.04,0.96
1.68,-36.24,32.64,-95.04,0.96
1.68,-36.24,32.64,-95.04,0.96
1.68,-36.24,32.64,-95.04,0.96
1.68,-36.24,32.64,-95.04,0.96
1.68,-36.24,32.64,-95.04,0.96
1.68,-36.24,32.64,-95.04,0.96
1.68,-36.24,32.64,-95.04,0.96
1.68,-36.24,32.64,-95.04,0.96
1.68,-36.24,32.64,-95.04,0.96
1.68,-36.24,32.64,-95.04,0.96
1.68,-36.24,32.64,-95.04,0.96
1.68,-36.24,32.64,-95.04,0.96
1.68,-36.24,32.64,-95.04,0.96
1.68,-36.24,32.64,-95.04,0.96
1.68,-36.24,32.64,-95.04,0.96
1.68,-36.24,32.64,-95.04,0.96
1.68,-36.24,32.64,-95.04,0.96
1.68,-36.24,32.64,-95.04,0.96
1.68,-36.24,32.64,-95.04,0.96
1.68,-36.24,32.64,-95.04,0.96
1.68,-36.24,32.64,-95.04,0.96
1.68,-36.24,32.64,-95.04,0.96
1.68,-36.24,32.64,-95.04,0.96
1.68,-36.24,32.64,-95.04,0.96
1.68,-36.24,32.64,-95.04,0.96
1.68,-36.24,32.64,-95.04,0.96
1.68,-36.24,32.64,-95.04,0.96
1.68,-36.24,32.64,-95.04,0.96
1.68,-36.24,32.64,-95.04,0.96
1.68,-36.24,32.64,-95.04,0.96
1.68,-36.24,32.64,-95.04,0.96
1.68,-36.24,32.64,-95.04,0.96
1.68,-36.24,32.64,-95.04,0.96
1.68,-36.24,32.64,-95.04,0.96
1.68,-36.24,32.64,-95.04,0.96
1.68,-36.24,32.64,-95.04,0.96
1.68,-36.24,32.64,-95.04,0.96
1.68,-36.24,32.64,-95.04,0.96
1.68,-36.24,32.64,-95.04,0.96
1.68,-36.24,32.64,-95.04,0.96
1.68,-36.24,32.64,-95.04,0.96
1.68,-36.24,32.64,-95.04,0.96
1.68,-36.24,32.64,-95.04,0.96
1.68,-36.24,32.64,-95.04,0.96
1.68,-36.24,32.64,-95.04,0.96
1.68,-36.24,32.64,-95.04,0.96
1.68,-36.24,32.64,-95.04,0.96
1.68,-36.24,32.64,-95.04,0.96
1.68,-36.24,32.64,-95.04,0.96
1.68,-36.24,32.64,-95.04,0.96
1.68,-36.24,32.64,-95.04,0.96
1.68,-36.24,32.64,-95.04,0.96
1.68,-36.24,32.64,-95.04,0.96
1.68,-36.24,32.64,-95.04,0.96
1.68,-36.24,32.64,-95.04,0.96
1.68,-36.24,32.64,-95.04,0.96
1.68,-36.24,32.64,-95.04,0.96
1.68,-36.24,32.64,-95.04,0.96
1.68,-36.24,32.64,-95.04,0.96
1.68,-36.24,32.64,-95.04,0.96
1.68,-36.24,32.64,-95.04,0.96
1.68,-36.24,32.64,-95.04,0.96
1.68,-36.24,32.64,-95.04,0.96
1.68,-36.24,32.64,-95.04,0.96
1.68,-36.24,32.64,-95.04,0.96
1.68,-36.24,32.64,-95.04,0.96
1.68,-36.24,32.64,-95.04,0.96
1.68,-36.24,32.64,-95.04,0.96
1.68,-36.24,32.64,-95.04,0.96
1.68,-36.24,32.64,-95.04,0.96
1.68,-36.24,32.64,-95.04,0.96
1.68,-36.24,32.64,-95.04,0.96
1.68,-36.24,32.64,-95.04,0.96
1.68,-36.24,32.64,-95.04,0.96
1.68,-36.24,32.64,-95.04,0.96
1.68,-36.24,32.64,-95.04,0.96
1.68,-36.24,32.64,-95.04,0.96
1.68,-36.24,32.64,-95.04,0.96
1.68,-36.24,32.64,-95.04,0.96
1.68,-36.24,32.64,-95.04,0.96
1.68,-36.24,32.64,-95.04,0.96
1.68,-36.24,32.64,-95.04,0.96
1.68,-36.24,32.64,-95.04,0.96
1.68,-36.24,32.64,-95.04,0.96
1.68,-36.24,32.64,-95.04,0.96
1.68,-36.24,32.64,-95.04,0.96
1.68,-36.24,32.64,-95.04,0.96
1.68,-36.24,32.64,-95.04,0.96
1.68,-36.24,32.64,-95.04,0.96
1.68,-36.24,32.64,-95.04,0.96
1.68,-36.24,32.64,-95.04,0.96
1.68,-36.24,32.64,-95.04,0.96
1.68,-36.24,32.64,-95.04,0.96
1.68,-36.24,32.64,-95.04,0.96
1.68,-36.24,32.64,-95.04,0.96
1.68,-36.24,32.64,-95.04,0.96
1.68,-36.24,32.64,-95.04,0.96
1.68,-36.24,32.64,-95.04,0.96
1.68,-36.24,32.64,-95.04,0.96
1.68,-36.24,32.64,-95.04,0.96
1.68,-36.24,32.64,-95.04,0.96
1.68,-36.24,32.64,-95.04,0.96
1.68,-36.24,32.64,-95.04,0.96
1.68,-36.24,32.64,-95.04,0.96
1.68,-36.24,32.64,-95.04,0.96
1.68,-36.24,32.64,-95.04,0.96
1.68,-36.24,32.64,-95.04,0.96
1.68,-36.24,32.64,-95.04,0.96
1.68,-36.24,32.64,-95.04,0.96
1.68,-36.24,32.64,-95.04,0.96
1.68,-36.24,32.64,-95.04,0.96
1.68,-36.24,32.64,-95.04,0.96
1.68,-36.24,32.64,-95.04,0.96
1.68,-36.24,32.64,-95.04,0.96
1.68,-36.24,32.64,-95.04,0.96
1.68,-36.24,32.64,-95.04,0.96
1.68,-36.24,32.64,-95.04,0.96
1.68,-36.24,32.64,-95.04,0.96
1.68,-36.24,32.64,-95.04,0.96
1.68,-36.24,32.64,-95.04,0.96
1.68,-36.24,32.64,-95.04,0.96
1.68,-36.24,32.64,-95.04,0.96
1.68,-36.24,32.64,-95.04,0.96
1.68,-36.24,32.64,-95.04,0.96
1.68,-36.24,32.64,-95.04,0.96
1.68,-36.24,32.64,-95.04,0.96
1.68,-36.24,32.64,-95.04,0.96
1.68,-36.24,32.64,-95.04,0.96
1.68,-36.24,32.64,-95.04,0.96
1.68,-36.24,32.64,-95.04,0.96
1.68,-36.24,32.64,-95.04,0.96
1.68,-36.24,32.64,-95.04,0.96
1.68,-36.24,32.64,-95.04,0.96
1.68,-36.24,32.64,-95.04,0.96
1.68,-36.24,32.64,-95.04,0.96
1.68,-36.24,32.64,-95.04,0.96
1.68,-36.24,32.64,-95.04,0.96
1.68,-36.24,32.64,-95.04,0.96
1.68,-36.24,32.64,-95.04,0.96
1.68,-36.24,32.64,-95.04,0.96
1.68,-36.24,32.64,-95.04,0.96
1.68,-36.24,32.64,-95.04,0.96
1.68,-36.24,32.64,-95.04,0.96
1.68,-36.24,32.64,-95.04,0.96
1.68,-36.24,32.64,-95.04,0.96
1.68,-36.24,32.64,-95.04,0.96
1.68,-36.24,32.64,-95.04,0.96
1.68,-36.24,32.64,-95.04,0.96
1.68,-36.24,32.64,-95.04,0.96
1.68,-36.24,32.64,-95.04,0.96
1.68,-36.24,32.64,-95.04,0.96
1.68,-36.24,32.64,-95.04,0.96
1.68,-36.24,32.64,-95.04,0.96
1.68,-36.24,32.64,-95.04,0.96
1.68,-36.24,32.64,-95.04,0.96
1.68,-36.24,32.64,-95.04,0.96
1.68,-36.24,32.64,-95.04,0.96
1.68,-36.24,32.64,-95.04,0.96
1.68,-36.24,32.64,-95.04,0.96
1.68,-36.24,32.64,-95.04,0.96
1.68,-36.24,32.64,-95.04,0.96
1.68,-36.24,32.64,-95.04,0.96
1.68,-36.24,32.64,-95.04,0.96
1.68,-36.24,32.64,-95.04,0.96
1.68,-36.24,32.64,-95.04,0.96
1.68,-36.24,32.64,-95.04,0.96
1.68,-36.24,32.64,-95.04,0.96
1.68,-36.24,32.64,-95.04,0.96
1.68,-36.24,32.64,-95.04,0.96
1.68,-36.24,32.64,-95.04,0.96
1.68,-36.24,32.64,-95.04,0.96
1.68,-36.24,32.64,-95.04,0.96
1.68,-36.24,32.64,-95.04,0.96
1.68,-36.24,32.64,-95.04,0.96
1.68,-36.24,32.64,-95.04,0.96
1.68,-36.24,32.64,-95.04,0.96
1.68,-36.24,32.64,-95.04,0.96
1.68,-36.24,32.64,-95.04,0.96
1.68,-36.24,32.64,-95.04,0.96
1.68,-36.24,32.64,-95.04,0.96
1.68,-36.24,32.64,-95.04,0.96
1.68,-36.24,32.64,-95.04,0.96
1.68,-36.24,32.64,-95.04,0.96
1.68,-36.24,32.64,-95.04,0.96
1.68,-36.24,32.64,-95.04,0.96
1.68,-36.24,32.64,-95.04,0.96
1.68,-36.24,32.64,-95.04,0.96
1.68,-36.24,32.64,-95.04,0.96
1.68,-36.24,32.64,-95.04,0.96
1.68,-36.24,32.64,-95.04,0.96
1.68,-36.24,32.64,-95.04,0.96
1.68,-36.24,32.64,-95.04,0.96
1.68,-36.24,32.64,-95.04,0.96
1.68,-36.24,32.64,-95.04,0.96
1.68,-36.24,32.64,-95.04,0.96
1.68,-36.24,32.64,-95.04,0.96
1.68,-36.24,32.64,-95.04,0.96
1.68,-36.24,32.64,-95.04,0.96
1.68,-36.24,32.64,-95.04,0.96
1.68,-36.24,32.64,-95.04,0.96
1.68,-36.24,32.64,-95.04,0.96
1.68,-36.24,32.64,-95.04,0.96
1.68,-36.24,32.64,-95.04,0.96
1.68,-36.24,32.64,-95.04,0.96
1.68,-36.24,32.64,-95.04,0.96
1.68,-36.24,32.64,-95.04,0.96
1.68,-36.24,32.64,-95.04,0.96
1.68,-36.24,32.64,-95.04,0.96
1.68,-36.24,32.64,-95.04,0.96
1.68,-36.24,32.64,-95.04,0.96
1.68,-36.24,32.64,-95.04,0.96
1.68,-36.24,32.64,-95.04,0.96
1.68,-36.24,32.64,-95.04,0.96
1.68,-36.24,32.64,-95.04,0.96
1.68,-36.24,32.64,-95.04,0.96
1.68,-36.24,32.64,-95.04,0.96
1.68,-36.24,32.64,-95.04,0.96
1.68,-36.24,32.64,-95.04,0.96
1.68,-36.24,32.64,-95.04,0.96
1.68,-36.24,32.64,-95.04,0.96
1.68,-36.24,32.64,-95.04,0.96
1.68,-36.24,32.64,-95.04,0.96
1.68,-36.24,32.64,-95.04,0.96
