0,0,0.2
0.000596940649324533,0.000821100429709102,0.199570986869741
0.00119388129864907,0.0016422008594182,0.199141973739482
0.0017908219479736,0.00246330128912731,0.198712960609222
0.00238776259729813,0.00328440171883641,0.198283947478963
0.00298470324662267,0.00410550214854551,0.197854934348704
0.0035816438959472,0.00492660257825461,0.197425921218445
0.00417858454527173,0.00574770300796372,0.196996908088186
0.00477552519459627,0.00656880343767282,0.196567894957926
0.0053724658439208,0.00738990386738192,0.196138881827667
0.00596940649324533,0.00821100429709102,0.195709868697408
0.00656634714256986,0.00903210472680012,0.195280855567149
0.0071632877918944,0.00985320515650923,0.19485184243689
0.00776022844121893,0.0106743055862183,0.194422829306631
0.00835716909054346,0.0114954060159274,0.193993816176371
0.008954109739868,0.0123165064456365,0.193564803046112
0.00955105038919253,0.0131376068753456,0.193135789915853
0.0101479910385171,0.0139587073050547,0.192706776785594
0.0107449316878416,0.0147798077347638,0.192277763655335
0.0113418723371661,0.0156009081644729,0.191848750525075
0.0119388129864907,0.016422008594182,0.191419737394816
0.0125357536358152,0.0172431090238911,0.190990724264557
0.0131326942851397,0.0180642094536002,0.190561711134298
0.0137296349344643,0.0188853098833094,0.190132698004039
0.0143265755837888,0.0197064103130185,0.189703684873779
0.0149235162331133,0.0205275107427276,0.18927467174352
0.0155204568824379,0.0213486111724367,0.188845658613261
0.0161173975317624,0.0221697116021458,0.188416645483002
0.0167143381810869,0.0229908120318549,0.187987632352743
0.0173112788304115,0.023811912461564,0.187558619222484
0.017908219479736,0.0246330128912731,0.187129606092224
0.0185051601290605,0.0254541133209822,0.186700592961965
0.0191021007783851,0.0262752137506913,0.186271579831706
0.0196990414277096,0.0270963141804004,0.185842566701447
0.0202959820770341,0.0279174146101095,0.185413553571188
0.0208929227263587,0.0287385150398186,0.184984540440928
0.0214898633756832,0.0295596154695277,0.184555527310669
0.0220868040250077,0.0303807158992368,0.18412651418041
0.0226837446743323,0.0312018163289459,0.183697501050151
0.0232806853236568,0.032022916758655,0.183268487919892
0.0238776259729813,0.0328440171883641,0.182839474789632
0.0244745666223059,0.0336651176180732,0.182410461659373
0.0250715072716304,0.0344862180477823,0.181981448529114
0.0256684479209549,0.0353073184774914,0.181552435398855
0.0262653885702795,0.0361284189072005,0.181123422268596
0.026862329219604,0.0369495193369096,0.180694409138336
0.0274592698689285,0.0377706197666187,0.180265396008077
0.0280562105182531,0.0385917201963278,0.179836382877818
0.0286531511675776,0.0394128206260369,0.179407369747559
0.0292500918169021,0.040233921055746,0.1789783566173
0.0298470324662267,0.0410550214854551,0.178549343487041
0.0304439731155512,0.0418761219151642,0.178120330356781
0.0310409137648757,0.0426972223448733,0.177691317226522
0.0316378544142003,0.0435183227745824,0.177262304096263
0.0322347950635248,0.0443394232042915,0.176833290966004
0.0328317357128493,0.0451605236340006,0.176404277835745
0.0334286763621739,0.0459816240637097,0.175975264705485
0.0340256170114984,0.0468027244934188,0.175546251575226
0.0346225576608229,0.0476238249231279,0.175117238444967
0.0352194983101475,0.048444925352837,0.174688225314708
0.035816438959472,0.0492660257825461,0.174259212184449
0.0364133796087965,0.0500871262122552,0.173830199054189
0.0370103202581211,0.0509082266419643,0.17340118592393
0.0376072609074456,0.0517293270716734,0.172972172793671
0.0382042015567701,0.0525504275013825,0.172543159663412
0.0388011422060947,0.0533715279310916,0.172114146533153
0.0393980828554192,0.0541926283608007,0.171685133402893
0.0399950235047437,0.0550137287905098,0.171256120272634
0.0405919641540683,0.0558348292202189,0.170827107142375
0.0411889048033928,0.056655929649928,0.170398094012116
0.0417858454527173,0.0574770300796372,0.169969080881857
0.0423827861020419,0.0582981305093462,0.169540067751598
0.0429797267513664,0.0591192309390554,0.169111054621338
0.0435766674006909,0.0599403313687645,0.168682041491079
0.0441736080500155,0.0607614317984736,0.16825302836082
0.04477054869934,0.0615825322281827,0.167824015230561
0.0453674893486645,0.0624036326578918,0.167395002100302
0.0459644299979891,0.0632247330876009,0.166965988970042
0.0465613706473136,0.06404583351731,0.166536975839783
0.0471583112966381,0.0648669339470191,0.166107962709524
0.0477552519459627,0.0656880343767282,0.165678949579265
0.0483521925952872,0.0665091348064373,0.165249936449006
0.0489491332446117,0.0673302352361464,0.164820923318746
0.0495460738939363,0.0681513356658555,0.164391910188487
0.0501430145432608,0.0689724360955646,0.163962897058228
0.0507399551925853,0.0697935365252737,0.163533883927969
0.0513368958419099,0.0706146369549828,0.16310487079771
0.0519338364912344,0.0714357373846919,0.16267585766745
0.0525307771405589,0.072256837814401,0.162246844537191
0.0531277177898834,0.0730779382441101,0.161817831406932
0.053724658439208,0.0738990386738192,0.161388818276673
0.0543215990885325,0.0747201391035283,0.160959805146414
0.0549185397378571,0.0755412395332374,0.160530792016155
0.0555154803871816,0.0763623399629465,0.160101778885895
0.0561124210365061,0.0771834403926556,0.159672765755636
0.0567093616858307,0.0780045408223647,0.159243752625377
0.0573063023351552,0.0788256412520738,0.158814739495118
0.0579032429844797,0.0796467416817829,0.158385726364859
0.0585001836338042,0.080467842111492,0.157956713234599
0.0590971242831288,0.0812889425412011,0.15752770010434
0.0596940649324533,0.0821100429709102,0.157098686974081
0.0602910055817778,0.0829311434006193,0.156669673843822
0.0608879462311024,0.0837522438303284,0.156240660713563
0.0614848868804269,0.0845733442600375,0.155811647583303
0.0620818275297515,0.0853944446897466,0.155382634453044
0.062678768179076,0.0862155451194557,0.154953621322785
0.0632757088284005,0.0870366455491648,0.154524608192526
0.063872649477725,0.0878577459788739,0.154095595062267
0.0644695901270496,0.088678846408583,0.153666581932007
0.0650665307763741,0.0894999468382921,0.153237568801748
0.0656634714256986,0.0903210472680012,0.152808555671489
0.0662604120750232,0.0911421476977103,0.15237954254123
0.0668573527243477,0.0919632481274194,0.151950529410971
0.0674542933736722,0.0927843485571285,0.151521516280712
0.0680512340229968,0.0936054489868376,0.151092503150452
0.0686481746723213,0.0944265494165468,0.150663490020193
0.0692451153216459,0.0952476498462558,0.150234476889934
0.0698420559709704,0.096068750275965,0.149805463759675
0.0704389966202949,0.0968898507056741,0.149376450629416
0.0710359372696194,0.0977109511353832,0.148947437499156
0.071632877918944,0.0985320515650923,0.148518424368897
0.0722298185682685,0.0993531519948014,0.148089411238638
0.072826759217593,0.10017425242451,0.147660398108379
0.0734236998669176,0.10099535285422,0.14723138497812
0.0740206405162421,0.101816453283929,0.14680237184786
0.0746175811655667,0.102637553713638,0.146373358717601
0.0752145218148912,0.103458654143347,0.145944345587342
0.0758114624642157,0.104279754573056,0.145515332457083
0.0764084031135402,0.105100855002765,0.145086319326824
0.0770053437628648,0.105921955432474,0.144657306196565
0.0776022844121893,0.106743055862183,0.144228293066305
0.0781992250615138,0.107564156291892,0.143799279936046
0.0787961657108384,0.108385256721601,0.143370266805787
0.0793931063601629,0.109206357151311,0.142941253675528
0.0799900470094874,0.11002745758102,0.142512240545269
0.080586987658812,0.110848558010729,0.142083227415009
0.0811839283081365,0.111669658440438,0.14165421428475
0.081780868957461,0.112490758870147,0.141225201154491
0.0823778096067856,0.113311859299856,0.140796188024232
0.0829747502561101,0.114132959729565,0.140367174893973
0.0835716909054346,0.114954060159274,0.139938161763713
0.0841686315547592,0.115775160588983,0.139509148633454
0.0847655722040837,0.116596261018692,0.139080135503195
0.0853625128534082,0.117417361448402,0.138651122372936
0.0859594535027328,0.118238461878111,0.138222109242677
0.0865563941520573,0.11905956230782,0.137793096112417
0.0871533348013818,0.119880662737529,0.137364082982158
0.0877502754507064,0.120701763167238,0.136935069851899
0.0883472161000309,0.121522863596947,0.13650605672164
0.0889441567493554,0.122343964026656,0.136077043591381
0.08954109739868,0.123165064456365,0.135648030461122
0.0901380380480045,0.123986164886074,0.135219017330862
0.090734978697329,0.124807265315784,0.134790004200603
0.0913319193466536,0.125628365745493,0.134360991070344
0.0919288599959781,0.126449466175202,0.133931977940085
0.0925258006453026,0.127270566604911,0.133502964809826
0.0931227412946272,0.12809166703462,0.133073951679566
0.0937196819439517,0.128912767464329,0.132644938549307
0.0943166225932762,0.129733867894038,0.132215925419048
0.0949135632426008,0.130554968323747,0.131786912288789
0.0955105038919253,0.131376068753456,0.13135789915853
0.0961074445412499,0.132197169183165,0.13092888602827
0.0967043851905744,0.133018269612875,0.130499872898011
0.0973013258398989,0.133839370042584,0.130070859767752
0.0978982664892234,0.134660470472293,0.129641846637493
0.098495207138548,0.135481570902002,0.129212833507234
0.0990921477878725,0.136302671331711,0.128783820376975
0.099689088437197,0.13712377176142,0.128354807246715
0.100286029086522,0.137944872191129,0.127925794116456
0.100882969735846,0.138765972620838,0.127496780986197
0.101479910385171,0.139587073050547,0.127067767855938
0.102076851034495,0.140408173480256,0.126638754725679
0.10267379168382,0.141229273909966,0.126209741595419
0.103270732333144,0.142050374339675,0.12578072846516
0.103867672982469,0.142871474769384,0.125351715334901
0.104464613631793,0.143692575199093,0.124922702204642
0.105061554281118,0.144513675628802,0.124493689074383
0.105658494930442,0.145334776058511,0.124064675944123
0.106255435579767,0.14615587648822,0.123635662813864
0.106852376229091,0.146976976917929,0.123206649683605
0.107449316878416,0.147798077347638,0.122777636553346
0.108046257527741,0.148619177777347,0.122348623423087
0.108643198177065,0.149440278207057,0.121919610292827
0.10924013882639,0.150261378636766,0.121490597162568
0.109837079475714,0.151082479066475,0.121061584032309
0.110434020125039,0.151903579496184,0.12063257090205
0.111030960774363,0.152724679925893,0.120203557771791
0.111627901423688,0.153545780355602,0.119774544641531
0.112224842073012,0.154366880785311,0.119345531511272
0.112821782722337,0.15518798121502,0.118916518381013
0.113418723371661,0.156009081644729,0.118487505250754
0.114015664020986,0.156830182074439,0.118058492120495
0.11461260467031,0.157651282504148,0.117629478990236
0.115209545319635,0.158472382933857,0.117200465859976
0.115806485968959,0.159293483363566,0.116771452729717
0.116403426618284,0.160114583793275,0.116342439599458
0.117000367267608,0.160935684222984,0.115913426469199
0.117597307916933,0.161756784652693,0.11548441333894
0.118194248566258,0.162577885082402,0.11505540020868
0.118791189215582,0.163398985512111,0.114626387078421
0.119388129864907,0.16422008594182,0.114197373948162
0.119985070514231,0.16504118637153,0.113768360817903
0.120582011163556,0.165862286801239,0.113339347687644
0.12117895181288,0.166683387230948,0.112910334557384
0.121775892462205,0.167504487660657,0.112481321427125
0.122372833111529,0.168325588090366,0.112052308296866
0.122969773760854,0.169146688520075,0.111623295166607
0.123566714410178,0.169967788949784,0.111194282036348
0.124163655059503,0.170788889379493,0.110765268906088
0.124760595708827,0.171609989809202,0.110336255775829
0.125357536358152,0.172431090238911,0.10990724264557
0.125954477007477,0.173252190668621,0.109478229515311
0.126551417656801,0.17407329109833,0.109049216385052
0.127148358306126,0.174894391528039,0.108620203254793
0.12774529895545,0.175715491957748,0.108191190124533
0.128342239604775,0.176536592387457,0.107762176994274
0.128939180254099,0.177357692817166,0.107333163864015
0.129536120903424,0.178178793246875,0.106904150733756
0.130133061552748,0.178999893676584,0.106475137603497
0.130730002202073,0.179820994106293,0.106046124473237
0.131326942851397,0.180642094536002,0.105617111342978
0.131923883500722,0.181463194965712,0.105188098212719
0.132520824150046,0.182284295395421,0.10475908508246
0.133117764799371,0.18310539582513,0.104330071952201
0.133714705448695,0.183926496254839,0.103901058821941
0.13431164609802,0.184747596684548,0.103472045691682
0.134908586747344,0.185568697114257,0.103043032561423
0.135505527396669,0.186389797543966,0.102614019431164
0.136102468045994,0.187210897973675,0.102185006300905
0.136699408695318,0.188031998403384,0.101755993170646
0.137296349344643,0.188853098833094,0.101326980040386
0.137893289993967,0.189674199262803,0.100897966910127
0.138490230643292,0.190495299692512,0.100468953779868
0.139087171292616,0.191316400122221,0.100039940649609
0.139684111941941,0.19213750055193,0.0996109275193496
0.140281052591265,0.192958600981639,0.0991819143890904
0.14087799324059,0.193779701411348,0.0987529012588312
0.141474933889914,0.194600801841057,0.098323888128572
0.142071874539239,0.195421902270766,0.0978948749983128
0.142668815188563,0.196243002700475,0.0974658618680536
0.143265755837888,0.197064103130185,0.0970368487377944
0.143862696487213,0.197885203559894,0.0966078356075352
0.144459637136537,0.198706303989603,0.096178822477276
0.145056577785862,0.199527404419312,0.0957498093470169
0.145653518435186,0.200348504849021,0.0953207962167577
0.146250459084511,0.20116960527873,0.0948917830864985
0.146847399733835,0.201990705708439,0.0944627699562393
0.14744434038316,0.202811806138148,0.0940337568259801
0.148041281032484,0.203632906567857,0.0936047436957209
0.148638221681809,0.204454006997566,0.0931757305654617
0.148638221681809,0.204454006997566,0.0931757305654617
0.148601906423621,0.204235439134493,0.0931613525275543
0.148565591165433,0.20401687127142,0.0931469744896469
0.148529275907245,0.203798303408347,0.0931325964517394
0.148492960649057,0.203579735545274,0.093118218413832
0.148456645390869,0.203361167682201,0.0931038403759246
0.148420330132682,0.203142599819128,0.0930894623380172
0.148384014874494,0.202924031956055,0.0930750843001098
0.148347699616306,0.202705464092982,0.0930607062622023
0.148311384358118,0.202486896229909,0.0930463282242949
0.14827506909993,0.202268328366836,0.0930319501863875
0.148238753841742,0.202049760503763,0.0930175721484801
0.148202438583554,0.20183119264069,0.0930031941105726
0.148166123325366,0.201612624777617,0.0929888160726652
0.148129808067179,0.201394056914544,0.0929744380347578
0.148093492808991,0.201175489051471,0.0929600599968504
0.148057177550803,0.200956921188398,0.092945681958943
0.148020862292615,0.200738353325325,0.0929313039210355
0.147984547034427,0.200519785462252,0.0929169258831281
0.147948231776239,0.200301217599179,0.0929025478452207
0.147911916518051,0.200082649736106,0.0928881698073133
0.147875601259863,0.199864081873033,0.0928737917694058
0.147839286001676,0.19964551400996,0.0928594137314984
0.147802970743488,0.199426946146887,0.092845035693591
0.1477666554853,0.199208378283814,0.0928306576556836
0.147730340227112,0.198989810420741,0.0928162796177762
0.147694024968924,0.198771242557668,0.0928019015798687
0.147657709710736,0.198552674694595,0.0927875235419613
0.147621394452548,0.198334106831522,0.0927731455040539
0.14758507919436,0.198115538968449,0.0927587674661465
0.147548763936173,0.197896971105375,0.0927443894282391
0.147512448677985,0.197678403242302,0.0927300113903316
0.147476133419797,0.197459835379229,0.0927156333524242
0.147439818161609,0.197241267516156,0.0927012553145168
0.147403502903421,0.197022699653083,0.0926868772766094
0.147367187645233,0.19680413179001,0.0926724992387019
0.147330872387045,0.196585563926937,0.0926581212007945
0.147294557128858,0.196366996063864,0.0926437431628871
0.14725824187067,0.196148428200791,0.0926293651249797
0.147221926612482,0.195929860337718,0.0926149870870722
0.147185611354294,0.195711292474645,0.0926006090491648
0.147149296096106,0.195492724611572,0.0925862310112574
0.147112980837918,0.195274156748499,0.09257185297335
0.14707666557973,0.195055588885426,0.0925574749354426
0.147040350321542,0.194837021022353,0.0925430968975351
0.147004035063355,0.19461845315928,0.0925287188596277
0.146967719805167,0.194399885296207,0.0925143408217203
0.146931404546979,0.194181317433134,0.0924999627838129
0.146895089288791,0.193962749570061,0.0924855847459054
0.146858774030603,0.193744181706988,0.092471206707998
0.146822458772415,0.193525613843915,0.0924568286700906
0.146786143514227,0.193307045980842,0.0924424506321832
0.146749828256039,0.193088478117769,0.0924280725942758
0.146713512997852,0.192869910254696,0.0924136945563683
0.146677197739664,0.192651342391623,0.0923993165184609
0.146640882481476,0.19243277452855,0.0923849384805535
0.146604567223288,0.192214206665477,0.0923705604426461
0.1465682519651,0.191995638802404,0.0923561824047386
0.146531936706912,0.191777070939331,0.0923418043668312
0.146495621448724,0.191558503076258,0.0923274263289238
0.146459306190536,0.191339935213185,0.0923130482910164
0.146422990932349,0.191121367350112,0.0922986702531089
0.146386675674161,0.190902799487039,0.0922842922152015
0.146350360415973,0.190684231623965,0.0922699141772941
0.146314045157785,0.190465663760892,0.0922555361393867
0.146277729899597,0.190247095897819,0.0922411581014793
0.146241414641409,0.190028528034746,0.0922267800635718
0.146205099383221,0.189809960171673,0.0922124020256644
0.146168784125033,0.1895913923086,0.092198023987757
0.146132468866846,0.189372824445527,0.0921836459498496
0.146096153608658,0.189154256582454,0.0921692679119421
0.14605983835047,0.188935688719381,0.0921548898740347
0.146023523092282,0.188717120856308,0.0921405118361273
0.145987207834094,0.188498552993235,0.0921261337982199
0.145950892575906,0.188279985130162,0.0921117557603125
0.145914577317718,0.188061417267089,0.092097377722405
0.14587826205953,0.187842849404016,0.0920829996844976
0.145841946801343,0.187624281540943,0.0920686216465902
0.145805631543155,0.18740571367787,0.0920542436086828
0.145769316284967,0.187187145814797,0.0920398655707754
0.145733001026779,0.186968577951724,0.0920254875328679
0.145696685768591,0.186750010088651,0.0920111094949605
0.145660370510403,0.186531442225578,0.0919967314570531
0.145624055252215,0.186312874362505,0.0919823534191457
0.145587739994027,0.186094306499432,0.0919679753812382
0.14555142473584,0.185875738636359,0.0919535973433308
0.145515109477652,0.185657170773286,0.0919392193054234
0.145478794219464,0.185438602910213,0.091924841267516
0.145442478961276,0.18522003504714,0.0919104632296086
0.145406163703088,0.185001467184067,0.0918960851917011
0.1453698484449,0.184782899320994,0.0918817071537937
0.145333533186712,0.184564331457921,0.0918673291158863
0.145297217928525,0.184345763594848,0.0918529510779789
0.145260902670337,0.184127195731775,0.0918385730400714
0.145224587412149,0.183908627868701,0.091824195002164
0.145188272153961,0.183690060005628,0.0918098169642566
0.145151956895773,0.183471492142555,0.0917954389263492
0.145115641637585,0.183252924279482,0.0917810608884417
0.145079326379397,0.183034356416409,0.0917666828505343
0.145043011121209,0.182815788553336,0.0917523048126269
0.145006695863022,0.182597220690263,0.0917379267747195
0.144970380604834,0.18237865282719,0.0917235487368121
0.144934065346646,0.182160084964117,0.0917091706989046
0.144897750088458,0.181941517101044,0.0916947926609972
0.14486143483027,0.181722949237971,0.0916804146230898
0.144825119572082,0.181504381374898,0.0916660365851824
0.144788804313894,0.181285813511825,0.0916516585472749
0.144752489055706,0.181067245648752,0.0916372805093675
0.144716173797519,0.180848677785679,0.0916229024714601
0.144679858539331,0.180630109922606,0.0916085244335527
0.144643543281143,0.180411542059533,0.0915941463956453
0.144607228022955,0.18019297419646,0.0915797683577378
0.144570912764767,0.179974406333387,0.0915653903198304
0.144534597506579,0.179755838470314,0.091551012281923
0.144498282248391,0.179537270607241,0.0915366342440156
0.144461966990203,0.179318702744168,0.0915222562061081
0.144425651732016,0.179100134881095,0.0915078781682007
0.144389336473828,0.178881567018022,0.0914935001302933
0.14435302121564,0.178662999154949,0.0914791220923859
0.144316705957452,0.178444431291876,0.0914647440544785
0.144280390699264,0.178225863428803,0.091450366016571
0.144244075441076,0.17800729556573,0.0914359879786636
0.144207760182888,0.177788727702657,0.0914216099407562
0.1441714449247,0.177570159839584,0.0914072319028488
0.144135129666513,0.177351591976511,0.0913928538649413
0.144098814408325,0.177133024113438,0.0913784758270339
0.144062499150137,0.176914456250365,0.0913640977891265
0.144026183891949,0.176695888387291,0.0913497197512191
0.143989868633761,0.176477320524218,0.0913353417133117
0.143953553375573,0.176258752661145,0.0913209636754042
0.143917238117385,0.176040184798072,0.0913065856374968
0.143880922859198,0.175821616934999,0.0912922075995894
0.14384460760101,0.175603049071926,0.091277829561682
0.143808292342822,0.175384481208853,0.0912634515237745
0.143771977084634,0.17516591334578,0.0912490734858671
0.143735661826446,0.174947345482707,0.0912346954479597
0.143699346568258,0.174728777619634,0.0912203174100523
0.14366303131007,0.174510209756561,0.0912059393721449
0.143626716051882,0.174291641893488,0.0911915613342374
0.143590400793695,0.174073074030415,0.09117718329633
0.143554085535507,0.173854506167342,0.0911628052584226
0.143517770277319,0.173635938304269,0.0911484272205152
0.143481455019131,0.173417370441196,0.0911340491826077
0.143445139760943,0.173198802578123,0.0911196711447003
0.143408824502755,0.17298023471505,0.0911052931067929
0.143372509244567,0.172761666851977,0.0910909150688855
0.143336193986379,0.172543098988904,0.0910765370309781
0.143299878728192,0.172324531125831,0.0910621589930706
0.143263563470004,0.172105963262758,0.0910477809551632
0.143227248211816,0.171887395399685,0.0910334029172558
0.143190932953628,0.171668827536612,0.0910190248793484
0.14315461769544,0.171450259673539,0.0910046468414409
0.143118302437252,0.171231691810466,0.0909902688035335
0.143081987179064,0.171013123947393,0.0909758907656261
0.143045671920876,0.17079455608432,0.0909615127277187
0.143009356662689,0.170575988221247,0.0909471346898112
0.142973041404501,0.170357420358174,0.0909327566519038
0.142936726146313,0.170138852495101,0.0909183786139964
0.142900410888125,0.169920284632028,0.090904000576089
0.142864095629937,0.169701716768954,0.0908896225381816
0.142827780371749,0.169483148905881,0.0908752445002741
0.142791465113561,0.169264581042808,0.0908608664623667
0.142755149855373,0.169046013179735,0.0908464884244593
0.142718834597186,0.168827445316662,0.0908321103865519
0.142682519338998,0.168608877453589,0.0908177323486444
0.14264620408081,0.168390309590516,0.090803354310737
0.142609888822622,0.168171741727443,0.0907889762728296
0.142573573564434,0.16795317386437,0.0907745982349222
0.142537258306246,0.167734606001297,0.0907602201970148
0.142500943048058,0.167516038138224,0.0907458421591073
0.14246462778987,0.167297470275151,0.0907314641211999
0.142428312531683,0.167078902412078,0.0907170860832925
0.142391997273495,0.166860334549005,0.0907027080453851
0.142355682015307,0.166641766685932,0.0906883300074776
0.142319366757119,0.166423198822859,0.0906739519695702
0.142283051498931,0.166204630959786,0.0906595739316628
0.142246736240743,0.165986063096713,0.0906451958937554
0.142210420982555,0.16576749523364,0.090630817855848
0.142174105724368,0.165548927370567,0.0906164398179405
0.14213779046618,0.165330359507494,0.0906020617800331
0.142101475207992,0.165111791644421,0.0905876837421257
0.142065159949804,0.164893223781348,0.0905733057042183
0.142028844691616,0.164674655918275,0.0905589276663109
0.141992529433428,0.164456088055202,0.0905445496284034
0.14195621417524,0.164237520192129,0.090530171590496
0.141919898917052,0.164018952329056,0.0905157935525886
0.141883583658865,0.163800384465983,0.0905014155146812
0.141847268400677,0.16358181660291,0.0904870374767737
0.141810953142489,0.163363248739837,0.0904726594388663
0.141774637884301,0.163144680876764,0.0904582814009589
0.141738322626113,0.162926113013691,0.0904439033630515
0.141702007367925,0.162707545150617,0.090429525325144
0.141665692109737,0.162488977287544,0.0904151472872366
0.141629376851549,0.162270409424471,0.0904007692493292
0.141593061593362,0.162051841561398,0.0903863912114218
0.141556746335174,0.161833273698325,0.0903720131735144
0.141520431076986,0.161614705835252,0.0903576351356069
0.141484115818798,0.161396137972179,0.0903432570976995
0.14144780056061,0.161177570109106,0.0903288790597921
0.141411485302422,0.160959002246033,0.0903145010218847
0.141375170044234,0.16074043438296,0.0903001229839772
0.141338854786046,0.160521866519887,0.0902857449460698
0.141302539527859,0.160303298656814,0.0902713669081624
0.141266224269671,0.160084730793741,0.090256988870255
0.141229909011483,0.159866162930668,0.0902426108323476
0.141193593753295,0.159647595067595,0.0902282327944401
0.141157278495107,0.159429027204522,0.0902138547565327
0.141120963236919,0.159210459341449,0.0901994767186253
0.141084647978731,0.158991891478376,0.0901850986807179
0.141048332720543,0.158773323615303,0.0901707206428104
0.141012017462356,0.15855475575223,0.090156342604903
0.140975702204168,0.158336187889157,0.0901419645669956
0.14093938694598,0.158117620026084,0.0901275865290882
0.140903071687792,0.157899052163011,0.0901132084911807
0.140866756429604,0.157680484299938,0.0900988304532733
0.140830441171416,0.157461916436865,0.0900844524153659
0.140794125913228,0.157243348573792,0.0900700743774585
0.140757810655041,0.157024780710719,0.0900556963395511
0.140721495396853,0.156806212847646,0.0900413183016436
0.140685180138665,0.156587644984573,0.0900269402637362
0.140648864880477,0.1563690771215,0.0900125622258288
0.140612549622289,0.156150509258427,0.0899981841879214
0.140576234364101,0.155931941395354,0.0899838061500139
0.140539919105913,0.15571337353228,0.0899694281121065
0.140503603847725,0.155494805669207,0.0899550500741991
0.140467288589538,0.155276237806134,0.0899406720362917
0.14043097333135,0.155057669943061,0.0899262939983843
0.140394658073162,0.154839102079988,0.0899119159604768
0.140358342814974,0.154620534216915,0.0898975379225694
0.140322027556786,0.154401966353842,0.089883159884662
0.140285712298598,0.154183398490769,0.0898687818467546
0.14024939704041,0.153964830627696,0.0898544038088472
0.140213081782222,0.153746262764623,0.0898400257709397
0.140176766524035,0.15352769490155,0.0898256477330323
0.140140451265847,0.153309127038477,0.0898112696951249
0.140104136007659,0.153090559175404,0.0897968916572175
0.140067820749471,0.152871991312331,0.08978251361931
0.140031505491283,0.152653423449258,0.0897681355814026
0.139995190233095,0.152434855586185,0.0897537575434952
0.139958874974907,0.152216287723112,0.0897393795055878
0.139922559716719,0.151997719860039,0.0897250014676804
0.139886244458532,0.151779151996966,0.0897106234297729
0.139849929200344,0.151560584133893,0.0896962453918655
0.139813613942156,0.15134201627082,0.0896818673539581
0.139777298683968,0.151123448407747,0.0896674893160507
0.13974098342578,0.150904880544674,0.0896531112781432
0.139704668167592,0.150686312681601,0.0896387332402358
0.139668352909404,0.150467744818528,0.0896243552023284
0.139632037651216,0.150249176955455,0.089609977164421
0.139595722393029,0.150030609092382,0.0895955991265135
0.139595722393029,0.150030609092382,0.0895955991265135
0.139936749917778,0.150179220597114,0.0895931476835282
0.140277777442528,0.150327832101846,0.0895906962405429
0.140618804967278,0.150476443606578,0.0895882447975575
0.140959832492028,0.150625055111311,0.0895857933545722
0.141300860016778,0.150773666616043,0.0895833419115869
0.141641887541527,0.150922278120775,0.0895808904686016
0.141982915066277,0.151070889625507,0.0895784390256162
0.142323942591027,0.151219501130239,0.0895759875826309
0.142664970115777,0.151368112634972,0.0895735361396456
0.143005997640527,0.151516724139704,0.0895710846966602
0.143347025165276,0.151665335644436,0.0895686332536749
0.143688052690026,0.151813947149168,0.0895661818106896
0.144029080214776,0.1519625586539,0.0895637303677042
0.144370107739526,0.152111170158633,0.0895612789247189
0.144711135264276,0.152259781663365,0.0895588274817336
0.145052162789025,0.152408393168097,0.0895563760387482
0.145393190313775,0.152557004672829,0.0895539245957629
0.145734217838525,0.152705616177562,0.0895514731527776
0.146075245363275,0.152854227682294,0.0895490217097922
0.146416272888025,0.153002839187026,0.0895465702668069
0.146757300412774,0.153151450691758,0.0895441188238216
0.147098327937524,0.15330006219649,0.0895416673808362
0.147439355462274,0.153448673701223,0.0895392159378509
0.147780382987024,0.153597285205955,0.0895367644948656
0.148121410511774,0.153745896710687,0.0895343130518802
0.148462438036523,0.153894508215419,0.0895318616088949
0.148803465561273,0.154043119720152,0.0895294101659096
0.149144493086023,0.154191731224884,0.0895269587229242
0.149485520610773,0.154340342729616,0.0895245072799389
0.149826548135523,0.154488954234348,0.0895220558369536
0.150167575660273,0.15463756573908,0.0895196043939682
0.150508603185022,0.154786177243813,0.0895171529509829
0.150849630709772,0.154934788748545,0.0895147015079976
0.151190658234522,0.155083400253277,0.0895122500650122
0.151531685759272,0.155232011758009,0.0895097986220269
0.151872713284022,0.155380623262741,0.0895073471790416
0.152213740808771,0.155529234767474,0.0895048957360562
0.152554768333521,0.155677846272206,0.0895024442930709
0.152895795858271,0.155826457776938,0.0894999928500856
0.153236823383021,0.15597506928167,0.0894975414071002
0.153577850907771,0.156123680786403,0.0894950899641149
0.15391887843252,0.156272292291135,0.0894926385211296
0.15425990595727,0.156420903795867,0.0894901870781442
0.15460093348202,0.156569515300599,0.0894877356351589
0.15494196100677,0.156718126805331,0.0894852841921736
0.15528298853152,0.156866738310064,0.0894828327491882
0.155624016056269,0.157015349814796,0.0894803813062029
0.155965043581019,0.157163961319528,0.0894779298632176
0.156306071105769,0.15731257282426,0.0894754784202322
0.156647098630519,0.157461184328993,0.0894730269772469
0.156988126155269,0.157609795833725,0.0894705755342616
0.157329153680018,0.157758407338457,0.0894681240912762
0.157670181204768,0.157907018843189,0.0894656726482909
0.158011208729518,0.158055630347921,0.0894632212053056
0.158352236254268,0.158204241852654,0.0894607697623202
0.158693263779018,0.158352853357386,0.0894583183193349
0.159034291303767,0.158501464862118,0.0894558668763496
0.159375318828517,0.15865007636685,0.0894534154333642
0.159716346353267,0.158798687871582,0.0894509639903789
0.160057373878017,0.158947299376315,0.0894485125473936
0.160398401402767,0.159095910881047,0.0894460611044083
0.160739428927516,0.159244522385779,0.0894436096614229
0.161080456452266,0.159393133890511,0.0894411582184376
0.161421483977016,0.159541745395244,0.0894387067754523
0.161762511501766,0.159690356899976,0.0894362553324669
0.162103539026516,0.159838968404708,0.0894338038894816
0.162444566551265,0.15998757990944,0.0894313524464962
0.162785594076015,0.160136191414172,0.0894289010035109
0.163126621600765,0.160284802918905,0.0894264495605256
0.163467649125515,0.160433414423637,0.0894239981175403
0.163808676650265,0.160582025928369,0.0894215466745549
0.164149704175014,0.160730637433101,0.0894190952315696
0.164490731699764,0.160879248937833,0.0894166437885843
0.164831759224514,0.161027860442566,0.0894141923455989
0.165172786749264,0.161176471947298,0.0894117409026136
0.165513814274014,0.16132508345203,0.0894092894596283
0.165854841798763,0.161473694956762,0.0894068380166429
0.166195869323513,0.161622306461495,0.0894043865736576
0.166536896848263,0.161770917966227,0.0894019351306723
0.166877924373013,0.161919529470959,0.0893994836876869
0.167218951897763,0.162068140975691,0.0893970322447016
0.167559979422512,0.162216752480423,0.0893945808017163
0.167901006947262,0.162365363985156,0.0893921293587309
0.168242034472012,0.162513975489888,0.0893896779157456
0.168583061996762,0.16266258699462,0.0893872264727603
0.168924089521512,0.162811198499352,0.0893847750297749
0.169265117046261,0.162959810004084,0.0893823235867896
0.169606144571011,0.163108421508817,0.0893798721438043
0.169947172095761,0.163257033013549,0.0893774207008189
0.170288199620511,0.163405644518281,0.0893749692578336
0.170629227145261,0.163554256023013,0.0893725178148483
0.170970254670011,0.163702867527746,0.0893700663718629
0.17131128219476,0.163851479032478,0.0893676149288776
0.17165230971951,0.16400009053721,0.0893651634858923
0.17199333724426,0.164148702041942,0.0893627120429069
0.17233436476901,0.164297313546674,0.0893602605999216
0.172675392293759,0.164445925051407,0.0893578091569363
0.173016419818509,0.164594536556139,0.0893553577139509
0.173357447343259,0.164743148060871,0.0893529062709656
0.173698474868009,0.164891759565603,0.0893504548279803
0.174039502392759,0.165040371070336,0.0893480033849949
0.174380529917509,0.165188982575068,0.0893455519420096
0.174721557442258,0.1653375940798,0.0893431004990243
0.175062584967008,0.165486205584532,0.0893406490560389
0.175403612491758,0.165634817089264,0.0893381976130536
0.175744640016508,0.165783428593997,0.0893357461700683
0.176085667541258,0.165932040098729,0.0893332947270829
0.176426695066007,0.166080651603461,0.0893308432840976
0.176767722590757,0.166229263108193,0.0893283918411123
0.177108750115507,0.166377874612925,0.0893259403981269
0.177449777640257,0.166526486117658,0.0893234889551416
0.177790805165007,0.16667509762239,0.0893210375121563
0.178131832689756,0.166823709127122,0.089318586069171
0.178472860214506,0.166972320631854,0.0893161346261856
0.178813887739256,0.167120932136587,0.0893136831832003
0.179154915264006,0.167269543641319,0.0893112317402149
0.179495942788756,0.167418155146051,0.0893087802972296
0.179836970313505,0.167566766650783,0.0893063288542443
0.180177997838255,0.167715378155515,0.0893038774112589
0.180519025363005,0.167863989660248,0.0893014259682736
0.180860052887755,0.16801260116498,0.0892989745252883
0.181201080412505,0.168161212669712,0.089296523082303
0.181542107937254,0.168309824174444,0.0892940716393176
0.181883135462004,0.168458435679177,0.0892916201963323
0.182224162986754,0.168607047183909,0.089289168753347
0.182565190511504,0.168755658688641,0.0892867173103616
0.182906218036254,0.168904270193373,0.0892842658673763
0.183247245561003,0.169052881698105,0.089281814424391
0.183588273085753,0.169201493202838,0.0892793629814056
0.183929300610503,0.16935010470757,0.0892769115384203
0.184270328135253,0.169498716212302,0.089274460095435
0.184611355660003,0.169647327717034,0.0892720086524496
0.184952383184752,0.169795939221766,0.0892695572094643
0.185293410709502,0.169944550726499,0.089267105766479
0.185634438234252,0.170093162231231,0.0892646543234936
0.185975465759002,0.170241773735963,0.0892622028805083
0.186316493283752,0.170390385240695,0.089259751437523
0.186657520808501,0.170538996745428,0.0892572999945376
0.186998548333251,0.17068760825016,0.0892548485515523
0.187339575858001,0.170836219754892,0.089252397108567
0.187680603382751,0.170984831259624,0.0892499456655816
0.188021630907501,0.171133442764356,0.0892474942225963
0.18836265843225,0.171282054269089,0.089245042779611
0.188703685957,0.171430665773821,0.0892425913366256
0.18904471348175,0.171579277278553,0.0892401398936403
0.1893857410065,0.171727888783285,0.089237688450655
0.18972676853125,0.171876500288017,0.0892352370076696
0.190067796055999,0.17202511179275,0.0892327855646843
0.190408823580749,0.172173723297482,0.089230334121699
0.190749851105499,0.172322334802214,0.0892278826787136
0.191090878630249,0.172470946306946,0.0892254312357283
0.191431906154999,0.172619557811679,0.089222979792743
0.191772933679749,0.172768169316411,0.0892205283497576
0.192113961204498,0.172916780821143,0.0892180769067723
0.192454988729248,0.173065392325875,0.089215625463787
0.192796016253998,0.173214003830607,0.0892131740208016
0.193137043778748,0.17336261533534,0.0892107225778163
0.193478071303498,0.173511226840072,0.089208271134831
0.193819098828247,0.173659838344804,0.0892058196918456
0.194160126352997,0.173808449849536,0.0892033682488603
0.194501153877747,0.173957061354269,0.089200916805875
0.194842181402497,0.174105672859001,0.0891984653628896
0.195183208927247,0.174254284363733,0.0891960139199043
0.195524236451996,0.174402895868465,0.089193562476919
0.195865263976746,0.174551507373197,0.0891911110339337
0.196206291501496,0.17470011887793,0.0891886595909483
0.196547319026246,0.174848730382662,0.089186208147963
0.196888346550996,0.174997341887394,0.0891837567049776
0.197229374075745,0.175145953392126,0.0891813052619923
0.197570401600495,0.175294564896858,0.089178853819007
0.197911429125245,0.175443176401591,0.0891764023760216
0.198252456649995,0.175591787906323,0.0891739509330363
0.198593484174745,0.175740399411055,0.089171499490051
0.198934511699494,0.175889010915787,0.0891690480470656
0.199275539224244,0.17603762242052,0.0891665966040803
0.199616566748994,0.176186233925252,0.089164145161095
0.199957594273744,0.176334845429984,0.0891616937181097
0.200298621798494,0.176483456934716,0.0891592422751243
0.200639649323243,0.176632068439448,0.089156790832139
0.200980676847993,0.176780679944181,0.0891543393891537
0.201321704372743,0.176929291448913,0.0891518879461683
0.201662731897493,0.177077902953645,0.089149436503183
0.202003759422243,0.177226514458377,0.0891469850601977
0.202344786946992,0.17737512596311,0.0891445336172123
0.202685814471742,0.177523737467842,0.089142082174227
0.203026841996492,0.177672348972574,0.0891396307312417
0.203367869521242,0.177820960477306,0.0891371792882563
0.203708897045992,0.177969571982038,0.089134727845271
0.204049924570741,0.178118183486771,0.0891322764022857
0.204390952095491,0.178266794991503,0.0891298249593003
0.204731979620241,0.178415406496235,0.089127373516315
0.205073007144991,0.178564018000967,0.0891249220733297
0.205414034669741,0.178712629505699,0.0891224706303443
0.20575506219449,0.178861241010432,0.089120019187359
0.20609608971924,0.179009852515164,0.0891175677443737
0.20643711724399,0.179158464019896,0.0891151163013883
0.20677814476874,0.179307075524628,0.089112664858403
0.20711917229349,0.179455687029361,0.0891102134154177
0.207460199818239,0.179604298534093,0.0891077619724323
0.207801227342989,0.179752910038825,0.089105310529447
0.208142254867739,0.179901521543557,0.0891028590864617
0.208483282392489,0.180050133048289,0.0891004076434763
0.208824309917239,0.180198744553022,0.089097956200491
0.209165337441988,0.180347356057754,0.0890955047575057
0.209506364966738,0.180495967562486,0.0890930533145203
0.209847392491488,0.180644579067218,0.089090601871535
0.210188420016238,0.18079319057195,0.0890881504285497
0.210529447540988,0.180941802076683,0.0890856989855643
0.210870475065738,0.181090413581415,0.089083247542579
0.211211502590487,0.181239025086147,0.0890807960995937
0.211552530115237,0.181387636590879,0.0890783446566083
0.211893557639987,0.181536248095612,0.089075893213623
0.212234585164737,0.181684859600344,0.0890734417706377
0.212575612689487,0.181833471105076,0.0890709903276523
0.212916640214236,0.181982082609808,0.089068538884667
0.213257667738986,0.18213069411454,0.0890660874416817
0.213598695263736,0.182279305619273,0.0890636359986963
0.213939722788486,0.182427917124005,0.089061184555711
0.214280750313236,0.182576528628737,0.0890587331127257
0.214621777837985,0.182725140133469,0.0890562816697403
0.214962805362735,0.182873751638202,0.089053830226755
0.215303832887485,0.183022363142934,0.0890513787837697
0.215644860412235,0.183170974647666,0.0890489273407843
0.215985887936985,0.183319586152398,0.089046475897799
0.216326915461734,0.18346819765713,0.0890440244548137
0.216667942986484,0.183616809161863,0.0890415730118283
0.217008970511234,0.183765420666595,0.089039121568843
0.217349998035984,0.183914032171327,0.0890366701258577
0.217691025560734,0.184062643676059,0.0890342186828724
0.218032053085483,0.184211255180791,0.089031767239887
0.218373080610233,0.184359866685524,0.0890293157969017
0.218714108134983,0.184508478190256,0.0890268643539164
0.219055135659733,0.184657089694988,0.089024412910931
0.219396163184483,0.18480570119972,0.0890219614679457
0.219737190709232,0.184954312704453,0.0890195100249603
0.220078218233982,0.185102924209185,0.089017058581975
0.220419245758732,0.185251535713917,0.0890146071389897
0.220760273283482,0.185400147218649,0.0890121556960044
0.221101300808232,0.185548758723381,0.089009704253019
0.221442328332981,0.185697370228114,0.0890072528100337
0.221783355857731,0.185845981732846,0.0890048013670484
0.222124383382481,0.185994593237578,0.089002349924063
0.222465410907231,0.18614320474231,0.0889998984810777
0.222806438431981,0.186291816247042,0.0889974470380924
0.22314746595673,0.186440427751775,0.088994995595107
0.22348849348148,0.186589039256507,0.0889925441521217
0.22382952100623,0.186737650761239,0.0889900927091364
0.22417054853098,0.186886262265971,0.088987641266151
0.22451157605573,0.187034873770704,0.0889851898231657
0.22451157605573,0.187034873770704,0.0889851898231657
0.223609923139843,0.186283729699335,0.0894310324343176
0.222708270223957,0.185532585627967,0.0898768750454696
0.22180661730807,0.184781441556599,0.0903227176566215
0.220904964392184,0.18403029748523,0.0907685602677735
0.220003311476297,0.183279153413862,0.0912144028789254
0.219101658560411,0.182528009342494,0.0916602454900774
0.218200005644524,0.181776865271126,0.0921060881012293
0.217298352728638,0.181025721199757,0.0925519307123813
0.216396699812751,0.180274577128389,0.0929977733235332
0.215495046896865,0.179523433057021,0.0934436159346851
0.214593393980979,0.178772288985652,0.0938894585458371
0.213691741065092,0.178021144914284,0.094335301156989
0.212790088149206,0.177270000842916,0.094781143768141
0.211888435233319,0.176518856771548,0.0952269863792929
0.210986782317433,0.175767712700179,0.0956728289904449
0.210085129401546,0.175016568628811,0.0961186716015968
0.20918347648566,0.174265424557443,0.0965645142127488
0.208281823569773,0.173514280486074,0.0970103568239007
0.207380170653887,0.172763136414706,0.0974561994350527
0.206478517738,0.172011992343338,0.0979020420462046
0.205576864822114,0.17126084827197,0.0983478846573565
0.204675211906227,0.170509704200601,0.0987937272685085
0.203773558990341,0.169758560129233,0.0992395698796604
0.202871906074454,0.169007416057865,0.0996854124908124
0.201970253158568,0.168256271986496,0.100131255101964
0.201068600242682,0.167505127915128,0.100577097713116
0.200166947326795,0.16675398384376,0.101022940324268
0.199265294410909,0.166002839772392,0.10146878293542
0.198363641495022,0.165251695701023,0.101914625546572
0.197461988579136,0.164500551629655,0.102360468157724
0.196560335663249,0.163749407558287,0.102806310768876
0.195658682747363,0.162998263486918,0.103252153380028
0.194757029831476,0.16224711941555,0.10369799599118
0.19385537691559,0.161495975344182,0.104143838602332
0.192953723999703,0.160744831272814,0.104589681213484
0.192052071083817,0.159993687201445,0.105035523824636
0.19115041816793,0.159242543130077,0.105481366435788
0.190248765252044,0.158491399058709,0.10592720904694
0.189347112336158,0.15774025498734,0.106373051658092
0.188445459420271,0.156989110915972,0.106818894269244
0.187543806504385,0.156237966844604,0.107264736880395
0.186642153588498,0.155486822773236,0.107710579491547
0.185740500672612,0.154735678701867,0.108156422102699
0.184838847756725,0.153984534630499,0.108602264713851
0.183937194840839,0.153233390559131,0.109048107325003
0.183035541924952,0.152482246487762,0.109493949936155
0.182133889009066,0.151731102416394,0.109939792547307
0.181232236093179,0.150979958345026,0.110385635158459
0.180330583177293,0.150228814273657,0.110831477769611
0.179428930261406,0.149477670202289,0.111277320380763
0.17852727734552,0.148726526130921,0.111723162991915
0.177625624429633,0.147975382059553,0.112169005603067
0.176723971513747,0.147224237988184,0.112614848214219
0.175822318597861,0.146473093916816,0.113060690825371
0.174920665681974,0.145721949845448,0.113506533436523
0.174019012766088,0.144970805774079,0.113952376047675
0.173117359850201,0.144219661702711,0.114398218658827
0.172215706934315,0.143468517631343,0.114844061269979
0.171314054018428,0.142717373559975,0.11528990388113
0.170412401102542,0.141966229488606,0.115735746492282
0.169510748186655,0.141215085417238,0.116181589103434
0.168609095270769,0.14046394134587,0.116627431714586
0.167707442354882,0.139712797274501,0.117073274325738
0.166805789438996,0.138961653203133,0.11751911693689
0.165904136523109,0.138210509131765,0.117964959548042
0.165002483607223,0.137459365060397,0.118410802159194
0.164100830691337,0.136708220989028,0.118856644770346
0.16319917777545,0.13595707691766,0.119302487381498
0.162297524859564,0.135205932846292,0.11974832999265
0.161395871943677,0.134454788774923,0.120194172603802
0.160494219027791,0.133703644703555,0.120640015214954
0.159592566111904,0.132952500632187,0.121085857826106
0.158690913196018,0.132201356560819,0.121531700437258
0.157789260280131,0.13145021248945,0.12197754304841
0.156887607364245,0.130699068418082,0.122423385659562
0.155985954448358,0.129947924346714,0.122869228270714
0.155084301532472,0.129196780275345,0.123315070881865
0.154182648616585,0.128445636203977,0.123760913493017
0.153280995700699,0.127694492132609,0.124206756104169
0.152379342784812,0.126943348061241,0.124652598715321
0.151477689868926,0.126192203989872,0.125098441326473
0.15057603695304,0.125441059918504,0.125544283937625
0.149674384037153,0.124689915847136,0.125990126548777
0.148772731121267,0.123938771775767,0.126435969159929
0.14787107820538,0.123187627704399,0.126881811771081
0.146969425289494,0.122436483633031,0.127327654382233
0.146067772373607,0.121685339561663,0.127773496993385
0.145166119457721,0.120934195490294,0.128219339604537
0.144264466541834,0.120183051418926,0.128665182215689
0.143362813625948,0.119431907347558,0.129111024826841
0.142461160710061,0.118680763276189,0.129556867437993
0.141559507794175,0.117929619204821,0.130002710049145
0.140657854878288,0.117178475133453,0.130448552660297
0.139756201962402,0.116427331062085,0.130894395271449
0.138854549046516,0.115676186990716,0.1313402378826
0.137952896130629,0.114925042919348,0.131786080493752
0.137051243214743,0.11417389884798,0.132231923104904
0.136149590298856,0.113422754776611,0.132677765716056
0.13524793738297,0.112671610705243,0.133123608327208
0.134346284467083,0.111920466633875,0.13356945093836
0.133444631551197,0.111169322562507,0.134015293549512
0.13254297863531,0.110418178491138,0.134461136160664
0.131641325719424,0.10966703441977,0.134906978771816
0.130739672803537,0.108915890348402,0.135352821382968
0.129838019887651,0.108164746277033,0.13579866399412
0.128936366971764,0.107413602205665,0.136244506605272
0.128034714055878,0.106662458134297,0.136690349216424
0.127133061139991,0.105911314062929,0.137136191827576
0.126231408224105,0.10516016999156,0.137582034438728
0.125329755308219,0.104409025920192,0.13802787704988
0.124428102392332,0.103657881848824,0.138473719661032
0.123526449476446,0.102906737777455,0.138919562272184
0.122624796560559,0.102155593706087,0.139365404883335
0.121723143644673,0.101404449634719,0.139811247494487
0.120821490728786,0.100653305563351,0.140257090105639
0.1199198378129,0.0999021614919822,0.140702932716791
0.119018184897013,0.0991510174206139,0.141148775327943
0.118116531981127,0.0983998733492457,0.141594617939095
0.11721487906524,0.0976487292778774,0.142040460550247
0.116313226149354,0.0968975852065091,0.142486303161399
0.115411573233467,0.0961464411351408,0.142932145772551
0.114509920317581,0.0953952970637725,0.143377988383703
0.113608267401695,0.0946441529924042,0.143823830994855
0.112706614485808,0.0938930089210359,0.144269673606007
0.111804961569922,0.0931418648496676,0.144715516217159
0.110903308654035,0.0923907207782994,0.145161358828311
0.110001655738149,0.0916395767069311,0.145607201439463
0.109100002822262,0.0908884326355628,0.146053044050615
0.108198349906376,0.0901372885641945,0.146498886661767
0.107296696990489,0.0893861444928262,0.146944729272919
0.106395044074603,0.0886350004214579,0.147390571884071
0.105493391158716,0.0878838563500896,0.147836414495222
0.10459173824283,0.0871327122787214,0.148282257106374
0.103690085326943,0.0863815682073531,0.148728099717526
0.102788432411057,0.0856304241359848,0.149173942328678
0.10188677949517,0.0848792800646165,0.14961978493983
0.100985126579284,0.0841281359932482,0.150065627550982
0.100083473663398,0.0833769919218799,0.150511470162134
0.0991818207475111,0.0826258478505116,0.150957312773286
0.0982801678316246,0.0818747037791433,0.151403155384438
0.0973785149157382,0.081123559707775,0.15184899799559
0.0964768619998517,0.0803724156364067,0.152294840606742
0.0955752090839652,0.0796212715650385,0.152740683217894
0.0946735561680788,0.0788701274936702,0.153186525829046
0.0937719032521923,0.0781189834223019,0.153632368440198
0.0928702503363058,0.0773678393509336,0.15407821105135
0.0919685974204194,0.0766166952795653,0.154524053662502
0.0910669445045329,0.075865551208197,0.154969896273654
0.0901652915886464,0.0751144071368287,0.155415738884806
0.08926363867276,0.0743632630654605,0.155861581495957
0.0883619857568735,0.0736121189940922,0.156307424107109
0.0874603328409871,0.0728609749227239,0.156753266718261
0.0865586799251006,0.0721098308513556,0.157199109329413
0.0856570270092141,0.0713586867799873,0.157644951940565
0.0847553740933276,0.070607542708619,0.158090794551717
0.0838537211774412,0.0698563986372507,0.158536637162869
0.0829520682615547,0.0691052545658824,0.158982479774021
0.0820504153456683,0.0683541104945142,0.159428322385173
0.0811487624297818,0.0676029664231459,0.159874164996325
0.0802471095138953,0.0668518223517776,0.160320007607477
0.0793454565980089,0.0661006782804093,0.160765850218629
0.0784438036821224,0.065349534209041,0.161211692829781
0.0775421507662359,0.0645983901376727,0.161657535440933
0.0766404978503495,0.0638472460663044,0.162103378052085
0.075738844934463,0.0630961019949361,0.162549220663237
0.0748371920185766,0.0623449579235679,0.162995063274389
0.0739355391026901,0.0615938138521996,0.16344090588554
0.0730338861868036,0.0608426697808313,0.163886748496692
0.0721322332709171,0.060091525709463,0.164332591107844
0.0712305803550307,0.0593403816380947,0.164778433718996
0.0703289274391442,0.0585892375667264,0.165224276330148
0.0694272745232578,0.0578380934953581,0.1656701189413
0.0685256216073713,0.0570869494239898,0.166115961552452
0.0676239686914848,0.0563358053526216,0.166561804163604
0.0667223157755983,0.0555846612812533,0.167007646774756
0.0658206628597119,0.054833517209885,0.167453489385908
0.0649190099438254,0.0540823731385167,0.16789933199706
0.064017357027939,0.0533312290671484,0.168345174608212
0.0631157041120525,0.0525800849957801,0.168791017219364
0.062214051196166,0.0518289409244118,0.169236859830516
0.0613123982802796,0.0510777968530436,0.169682702441668
0.0604107453643931,0.0503266527816753,0.17012854505282
0.0595090924485067,0.049575508710307,0.170574387663972
0.0586074395326202,0.0488243646389387,0.171020230275124
0.0577057866167337,0.0480732205675704,0.171466072886276
0.0568041337008472,0.0473220764962021,0.171911915497427
0.0559024807849608,0.0465709324248338,0.172357758108579
0.0550008278690743,0.0458197883534655,0.172803600719731
0.0540991749531879,0.0450686442820973,0.173249443330883
0.0531975220373014,0.044317500210729,0.173695285942035
0.0522958691214149,0.0435663561393607,0.174141128553187
0.0513942162055285,0.0428152120679924,0.174586971164339
0.050492563289642,0.0420640679966241,0.175032813775491
0.0495909103737555,0.0413129239252558,0.175478656386643
0.0486892574578691,0.0405617798538875,0.175924498997795
0.0477876045419826,0.0398106357825192,0.176370341608947
0.0468859516260962,0.039059491711151,0.176816184220099
0.0459842987102097,0.0383083476397827,0.177262026831251
0.0450826457943232,0.0375572035684144,0.177707869442403
0.0441809928784368,0.0368060594970461,0.178153712053555
0.0432793399625503,0.0360549154256778,0.178599554664707
0.0423776870466638,0.0353037713543095,0.179045397275859
0.0414760341307774,0.0345526272829412,0.179491239887011
0.0405743812148909,0.0338014832115729,0.179937082498162
0.0396727282990044,0.0330503391402046,0.180382925109314
0.038771075383118,0.0322991950688364,0.180828767720466
0.0378694224672315,0.0315480509974681,0.181274610331618
0.036967769551345,0.0307969069260998,0.18172045294277
0.0360661166354586,0.0300457628547315,0.182166295553922
0.0351644637195721,0.0292946187833632,0.182612138165074
0.0342628108036856,0.0285434747119949,0.183057980776226
0.0333611578877992,0.0277923306406266,0.183503823387378
0.0324595049719127,0.0270411865692583,0.18394966599853
0.0315578520560263,0.0262900424978901,0.184395508609682
0.0306561991401398,0.0255388984265218,0.184841351220834
0.0297545462242533,0.0247877543551535,0.185287193831986
0.0288528933083669,0.0240366102837852,0.185733036443138
0.0279512403924804,0.0232854662124169,0.18617887905429
0.0270495874765939,0.0225343221410486,0.186624721665442
0.0261479345607075,0.0217831780696803,0.187070564276594
0.025246281644821,0.021032033998312,0.187516406887746
0.0243446287289345,0.0202808899269438,0.187962249498898
0.0234429758130481,0.0195297458555755,0.188408092110049
0.0225413228971616,0.0187786017842072,0.188853934721201
0.0216396699812751,0.0180274577128389,0.189299777332353
0.0207380170653887,0.0172763136414706,0.189745619943505
0.0198363641495022,0.0165251695701023,0.190191462554657
0.0189347112336157,0.0157740254987341,0.190637305165809
0.0180330583177293,0.0150228814273657,0.191083147776961
0.0171314054018428,0.0142717373559975,0.191528990388113
0.0162297524859564,0.0135205932846292,0.191974832999265
0.0153280995700699,0.0127694492132609,0.192420675610417
0.0144264466541834,0.0120183051418926,0.192866518221569
0.013524793738297,0.0112671610705243,0.193312360832721
0.0126231408224105,0.010516016999156,0.193758203443873
0.0117214879065241,0.00976487292778774,0.194204046055025
0.0108198349906376,0.00901372885641943,0.194649888666177
0.00991818207475112,0.00826258478505115,0.195095731277329
0.00901652915886464,0.00751144071368287,0.195541573888481
0.00811487624297816,0.00676029664231459,0.195987416499633
0.00721322332709173,0.00600915257094631,0.196433259110784
0.00631157041120525,0.00525800849957803,0.196879101721936
0.0054099174953188,0.00450686442820972,0.197324944333088
0.00450826457943232,0.00375572035684144,0.19777078694424
0.00360661166354584,0.00300457628547315,0.198216629555392
0.00270495874765939,0.00225343221410484,0.198662472166544
0.00180330583177293,0.00150228814273659,0.199108314777696
0.000901652915886481,0.000751144071368282,0.199554157388848
0,0,0.2
