timestamp,motor_1,motor_2,motor_3,motor_4,motor_5,motor_6
0,0,0,0,0,0,0
0.0001001001001001,0.919191919191919,0.919191919191919,0.202020202020202,0.389830508474576,2.21052631578947,0.631578947368421
0.0002002002002002,1.83838383838384,1.83838383838384,0.404040404040404,0.779661016949153,4.42105263157895,1.26315789473684
0.0003003003003003,2.75757575757576,2.75757575757576,0.606060606060606,1.16949152542373,6.63157894736842,1.89473684210526
0.0004004004004004,3.67676767676768,3.67676767676768,0.808080808080808,1.55932203389831,8.8421052631579,2.52631578947368
0.0005005005005005,4.5959595959596,4.5959595959596,1.01010101010101,1.94915254237288,11.0526315789474,3.15789473684211
0.000600600600600601,5.51515151515152,5.51515151515152,1.21212121212121,2.33898305084746,13.2631578947368,3.78947368421053
0.000700700700700701,6.43434343434343,6.43434343434343,1.41414141414141,2.72881355932203,15.4736842105263,4.42105263157895
0.000800800800800801,7.35353535353535,7.35353535353535,1.61616161616162,3.11864406779661,17.6842105263158,5.05263157894737
0.000900900900900901,8.27272727272727,8.27272727272727,1.81818181818182,3.50847457627119,19.8947368421053,5.68421052631579
0.001001001001001,9.19191919191919,9.19191919191919,2.02020202020202,3.89830508474576,22.1052631578947,6.31578947368421
0.0011011011011011,10.1111111111111,10.1111111111111,2.22222222222222,4.28813559322034,24.3157894736842,6.94736842105263
0.0012012012012012,11.030303030303,11.030303030303,2.42424242424242,4.67796610169492,26.5263157894737,7.57894736842105
0.0013013013013013,11.9494949494949,11.9494949494949,2.62626262626263,5.06779661016949,28.7368421052632,8.21052631578947
0.0014014014014014,12.8686868686869,12.8686868686869,2.82828282828283,5.45762711864407,30.9473684210526,8.8421052631579
0.0015015015015015,13.7878787878788,13.7878787878788,3.03030303030303,5.84745762711864,33.1578947368421,9.47368421052632
0.0016016016016016,14.7070707070707,14.7070707070707,3.23232323232323,6.23728813559322,35.3684210526316,10.1052631578947
0.0017017017017017,15.6262626262626,15.6262626262626,3.43434343434343,6.6271186440678,37.5789473684211,10.7368421052632
0.0018018018018018,16.5454545454545,16.5454545454545,3.63636363636364,7.01694915254237,39.7894736842105,11.3684210526316
0.0019019019019019,17.4646464646465,17.4646464646465,3.83838383838384,7.40677966101695,42,12
0.002002002002002,18.3838383838384,18.3838383838384,4.04040404040404,7.79661016949153,42,12
0.0021021021021021,19.3030303030303,19.3030303030303,4.24242424242424,8.1864406779661,42,12
0.0022022022022022,20.2222222222222,20.2222222222222,4.44444444444444,8.57627118644068,42,12
0.0023023023023023,21.1414141414141,21.1414141414141,4.64646464646465,8.96610169491525,42,12
0.0024024024024024,22.0606060606061,22.0606060606061,4.84848484848485,9.35593220338983,42,12
0.0025025025025025,22.979797979798,22.979797979798,5.05050505050505,9.74576271186441,42,12
0.0026026026026026,23.8989898989899,23.8989898989899,5.25252525252525,10.135593220339,42,12
0.0027027027027027,24.8181818181818,24.8181818181818,5.45454545454545,10.5254237288136,42,12
0.0028028028028028,25.7373737373737,25.7373737373737,5.65656565656566,10.9152542372881,42,12
0.0029029029029029,26.6565656565657,26.6565656565657,5.85858585858586,11.3050847457627,42,12
0.003003003003003,27.5757575757576,27.5757575757576,6.06060606060606,11.6949152542373,42,12
0.0031031031031031,28.4949494949495,28.4949494949495,6.26262626262626,12.0847457627119,42,12
0.0032032032032032,29.4141414141414,29.4141414141414,6.46464646464646,12.4745762711864,42,12
0.0033033033033033,30.3333333333333,30.3333333333333,6.66666666666667,12.864406779661,42,12
0.0034034034034034,31.2525252525253,31.2525252525253,6.86868686868687,13.2542372881356,42,12
0.0035035035035035,32.1717171717172,32.1717171717172,7.07070707070707,13.6440677966102,42,12
0.0036036036036036,33.0909090909091,33.0909090909091,7.27272727272727,14.0338983050847,42,12
0.0037037037037037,34.010101010101,34.010101010101,7.47474747474747,14.4237288135593,42,12
0.0038038038038038,34.9292929292929,34.9292929292929,7.67676767676768,14.8135593220339,42,12
0.0039039039039039,35.8484848484849,35.8484848484849,7.87878787878788,15.2033898305085,42,12
0.004004004004004,36.7676767676768,36.7676767676768,8.08080808080808,15.5932203389831,42,12
0.0041041041041041,37.6868686868687,37.6868686868687,8.28282828282828,15.9830508474576,42,12
0.0042042042042042,38.6060606060606,38.6060606060606,8.48484848484848,16.3728813559322,42,12
0.0043043043043043,39.5252525252525,39.5252525252525,8.68686868686869,16.7627118644068,42,12
0.0044044044044044,40.4444444444444,40.4444444444444,8.88888888888889,17.1525423728814,42,12
0.0045045045045045,41.3636363636364,41.3636363636364,9.09090909090909,17.5423728813559,42,12
0.00460460460460461,42.2828282828283,42.2828282828283,9.29292929292929,17.9322033898305,42,12
0.0047047047047047,43.2020202020202,43.2020202020202,9.49494949494949,18.3220338983051,42,12
0.00480480480480481,44.1212121212121,44.1212121212121,9.6969696969697,18.7118644067797,42,12
0.00490490490490491,45.040404040404,45.040404040404,9.8989898989899,19.1016949152542,42,12
0.005005005005005,45.959595959596,45.959595959596,10.1010101010101,19.4915254237288,42,12
0.00510510510510511,46.8787878787879,46.8787878787879,10.3030303030303,19.8813559322034,42,12
0.00520520520520521,47.7979797979798,47.7979797979798,10.5050505050505,20.271186440678,42,12
0.00530530530530531,48.7171717171717,48.7171717171717,10.7070707070707,20.6610169491525,42,12
0.00540540540540541,49.6363636363636,49.6363636363636,10.9090909090909,21.0508474576271,42,12
0.00550550550550551,50.5555555555556,50.5555555555556,11.1111111111111,21.4406779661017,42,12
0.00560560560560561,51.4747474747475,51.4747474747475,11.3131313131313,21.8305084745763,42,12
0.00570570570570571,52.3939393939394,52.3939393939394,11.5151515151515,22.2203389830508,42,12
0.00580580580580581,53.3131313131313,53.3131313131313,11.7171717171717,22.6101694915254,42,12
0.00590590590590591,54.2323232323232,54.2323232323232,11.9191919191919,23,42,12
0.00600600600600601,55.1515151515151,55.1515151515151,12.1212121212121,23,42,12
0.00610610610610611,56.0707070707071,56.0707070707071,12.3232323232323,23,42,12
0.00620620620620621,56.989898989899,56.989898989899,12.5252525252525,23,42,12
0.00630630630630631,57.9090909090909,57.9090909090909,12.7272727272727,23,42,12
0.00640640640640641,58.8282828282828,58.8282828282828,12.9292929292929,23,42,12
0.00650650650650651,59.7474747474747,59.7474747474747,13.1313131313131,23,42,12
0.00660660660660661,60.6666666666667,60.6666666666667,13.3333333333333,23,42,12
0.00670670670670671,61.5858585858586,61.5858585858586,13.5353535353535,23,42,12
0.00680680680680681,62.5050505050505,62.5050505050505,13.7373737373737,23,42,12
0.00690690690690691,63.4242424242424,63.4242424242424,13.9393939393939,23,42,12
0.00700700700700701,64.3434343434343,64.3434343434343,14.1414141414141,23,42,12
0.00710710710710711,65.2626262626263,65.2626262626263,14.3434343434343,23,42,12
0.00720720720720721,66.1818181818182,66.1818181818182,14.5454545454545,23,42,12
0.00730730730730731,67.1010101010101,67.1010101010101,14.7474747474747,23,42,12
0.00740740740740741,68.020202020202,68.020202020202,14.9494949494949,23,42,12
0.00750750750750751,68.9393939393939,68.9393939393939,15.1515151515152,23,42,12
0.00760760760760761,69.8585858585859,69.8585858585859,15.3535353535354,23,42,12
0.00770770770770771,70.7777777777778,70.7777777777778,15.5555555555556,23,42,12
0.00780780780780781,71.6969696969697,71.6969696969697,15.7575757575758,23,42,12
0.00790790790790791,72.6161616161616,72.6161616161616,15.959595959596,23,42,12
0.00800800800800801,73.5353535353535,73.5353535353535,16.1616161616162,23,42,12
0.00810810810810811,74.4545454545455,74.4545454545455,16.3636363636364,23,42,12
0.00820820820820821,75.3737373737374,75.3737373737374,16.5656565656566,23,42,12
0.00830830830830831,76.2929292929293,76.2929292929293,16.7676767676768,23,42,12
0.00840840840840841,77.2121212121212,77.2121212121212,16.969696969697,23,42,12
0.00850850850850851,78.1313131313131,78.1313131313131,17.1717171717172,23,42,12
0.00860860860860861,79.0505050505051,79.0505050505051,17.3737373737374,23,42,12
0.00870870870870871,79.969696969697,79.969696969697,17.5757575757576,23,42,12
0.00880880880880881,80.8888888888889,80.8888888888889,17.7777777777778,23,42,12
0.00890890890890891,81.8080808080808,81.8080808080808,17.979797979798,23,42,12
0.00900900900900901,82.7272727272727,82.7272727272727,18.1818181818182,23,42,12
0.00910910910910911,83.6464646464647,83.6464646464647,18.3838383838384,23,42,12
0.00920920920920921,84.5656565656566,84.5656565656566,18.5858585858586,23,42,12
0.00930930930930931,85.4848484848485,85.4848484848485,18.7878787878788,23,42,12
0.00940940940940941,86.4040404040404,86.4040404040404,18.989898989899,23,42,12
0.00950950950950951,87.3232323232323,87.3232323232323,19.1919191919192,23,42,12
0.00960960960960961,88.2424242424242,88.2424242424242,19.3939393939394,23,42,12
0.00970970970970971,89.1616161616162,89.1616161616162,19.5959595959596,23,42,12
0.00980980980980981,90.0808080808081,90.0808080808081,19.7979797979798,23,42,12
0.00990990990990991,91,91,20,23,42,12
0.01001001001001,91,91,20,23,42,12
0.0101101101101101,91,91,20,23,42,12
0.0102102102102102,91,91,20,23,42,12
0.0103103103103103,91,91,20,23,42,12
0.0104104104104104,91,91,20,23,42,12
0.0105105105105105,91,91,20,23,42,12
0.0106106106106106,91,91,20,23,42,12
0.0107107107107107,91,91,20,23,42,12
0.0108108108108108,91,91,20,23,42,12
0.0109109109109109,91,91,20,23,42,12
0.011011011011011,91,91,20,23,42,12
0.0111111111111111,91,91,20,23,42,12
0.0112112112112112,91,91,20,23,42,12
0.0113113113113113,91,91,20,23,42,12
0.0114114114114114,91,91,20,23,42,12
0.0115115115115115,91,91,20,23,42,12
0.0116116116116116,91,91,20,23,42,12
0.0117117117117117,91,91,20,23,42,12
0.0118118118118118,91,91,20,23,42,12
0.0119119119119119,91,91,20,23,42,12
0.012012012012012,91,91,20,23,42,12
0.0121121121121121,91,91,20,23,42,12
0.0122122122122122,91,91,20,23,42,12
0.0123123123123123,91,91,20,23,42,12
0.0124124124124124,91,91,20,23,42,12
0.0125125125125125,91,91,20,23,42,12
0.0126126126126126,91,91,20,23,42,12
0.0127127127127127,91,91,20,23,42,12
0.0128128128128128,91,91,20,23,42,12
0.0129129129129129,91,91,20,23,42,12
0.013013013013013,91,91,20,23,42,12
0.0131131131131131,91,91,20,23,42,12
0.0132132132132132,91,91,20,23,42,12
0.0133133133133133,91,91,20,23,42,12
0.0134134134134134,91,91,20,23,42,12
0.0135135135135135,91,91,20,23,42,12
0.0136136136136136,91,91,20,23,42,12
0.0137137137137137,91,91,20,23,42,12
0.0138138138138138,91,91,20,23,42,12
0.0139139139139139,91,91,20,23,42,12
0.014014014014014,91,91,20,23,42,12
0.0141141141141141,91,91,20,23,42,12
0.0142142142142142,91,91,20,23,42,12
0.0143143143143143,91,91,20,23,42,12
0.0144144144144144,91,91,20,23,42,12
0.0145145145145145,91,91,20,23,42,12
0.0146146146146146,91,91,20,23,42,12
0.0147147147147147,91,91,20,23,42,12
0.0148148148148148,91,91,20,23,42,12
0.0149149149149149,91,91,20,23,42,12
0.015015015015015,91,91,20,23,42,12
0.0151151151151151,91,91,20,23,42,12
0.0152152152152152,91,91,20,23,42,12
0.0153153153153153,91,91,20,23,42,12
0.0154154154154154,91,91,20,23,42,12
0.0155155155155155,91,91,20,23,42,12
0.0156156156156156,91,91,20,23,42,12
0.0157157157157157,91,91,20,23,42,12
0.0158158158158158,91,91,20,23,42,12
0.0159159159159159,91,91,20,23,42,12
0.016016016016016,91,91,20,23,42,12
0.0161161161161161,91,91,20,23,42,12
0.0162162162162162,91,91,20,23,42,12
0.0163163163163163,91,91,20,23,42,12
0.0164164164164164,91,91,20,23,42,12
0.0165165165165165,91,91,20,23,42,12
0.0166166166166166,91,91,20,23,42,12
0.0167167167167167,91,91,20,23,42,12
0.0168168168168168,91,91,20,23,42,12
0.0169169169169169,91,91,20,23,42,12
0.017017017017017,91,91,20,23,42,12
0.0171171171171171,91,91,20,23,42,12
0.0172172172172172,91,91,20,23,42,12
0.0173173173173173,91,91,20,23,42,12
0.0174174174174174,91,91,20,23,42,12
0.0175175175175175,91,91,20,23,42,12
0.0176176176176176,91,91,20,23,42,12
0.0177177177177177,91,91,20,23,42,12
0.0178178178178178,91,91,20,23,42,12
0.0179179179179179,91,91,20,23,42,12
0.018018018018018,91,91,20,23,42,12
0.0181181181181181,91,91,20,23,42,12
0.0182182182182182,91,91,20,23,42,12
0.0183183183183183,91,91,20,23,42,12
0.0184184184184184,91,91,20,23,42,12
0.0185185185185185,91,91,20,23,42,12
0.0186186186186186,91,91,20,23,42,12
0.0187187187187187,91,91,20,23,42,12
0.0188188188188188,91,91,20,23,42,12
0.0189189189189189,91,91,20,23,42,12
0.019019019019019,91,91,20,23,42,12
0.0191191191191191,91,91,20,23,42,12
0.0192192192192192,91,91,20,23,42,12
0.0193193193193193,91,91,20,23,42,12
0.0194194194194194,91,91,20,23,42,12
0.0195195195195195,91,91,20,23,42,12
0.0196196196196196,91,91,20,23,42,12
0.0197197197197197,91,91,20,23,42,12
0.0198198198198198,91,91,20,23,42,12
0.0199199199199199,91,91,20,23,42,12
0.02002002002002,91,91,20,23,42,12
0.0201201201201201,91.2110552763819,91.2110552763819,20.0338983050847,25.3333333333333,43.5139664804469,12.21608040201
0.0202202202202202,91.4221105527638,91.4221105527638,20.0677966101695,27.6666666666667,45.0279329608939,12.4321608040201
0.0203203203203203,91.6331658291457,91.6331658291457,20.1016949152542,30,46.5418994413408,12.6482412060301
0.0204204204204204,91.8442211055276,91.8442211055276,20.135593220339,32.3333333333333,48.0558659217877,12.8643216080402
0.0205205205205205,92.0552763819096,92.0552763819096,20.1694915254237,34.6666666666667,49.5698324022346,13.0804020100503
0.0206206206206206,92.2663316582915,92.2663316582915,20.2033898305085,37,51.0837988826816,13.2964824120603
0.0207207207207207,92.4773869346734,92.4773869346734,20.2372881355932,39.3333333333333,52.5977653631285,13.5125628140704
0.0208208208208208,92.6884422110553,92.6884422110553,20.271186440678,41.6666666666667,54.1117318435754,13.7286432160804
0.0209209209209209,92.8994974874372,92.8994974874372,20.3050847457627,44,55.6256983240223,13.9447236180905
0.021021021021021,93.1105527638191,93.1105527638191,20.3389830508475,46.3333333333333,57.1396648044693,14.1608040201005
0.0211211211211211,93.321608040201,93.321608040201,20.3728813559322,48.6666666666667,58.6536312849162,14.3768844221106
0.0212212212212212,93.5326633165829,93.5326633165829,20.4067796610169,51,60.1675977653631,14.5929648241206
0.0213213213213213,93.7437185929648,93.7437185929648,20.4406779661017,53.3333333333333,61.6815642458101,14.8090452261307
0.0214214214214214,93.9547738693467,93.9547738693467,20.4745762711864,55.6666666666667,63.195530726257,15.0251256281407
0.0215215215215215,94.1658291457286,94.1658291457286,20.5084745762712,58,64.7094972067039,15.2412060301508
0.0216216216216216,94.3768844221105,94.3768844221105,20.5423728813559,60.3333333333333,66.2234636871508,15.4572864321608
0.0217217217217217,94.5879396984925,94.5879396984925,20.5762711864407,62.6666666666667,67.7374301675978,15.6733668341709
0.0218218218218218,94.7989949748744,94.7989949748744,20.6101694915254,65,69.2513966480447,15.8894472361809
0.0219219219219219,95.0100502512563,95.0100502512563,20.6440677966102,67.3333333333333,70.7653631284916,16.105527638191
0.022022022022022,95.2211055276382,95.2211055276382,20.6779661016949,69.6666666666667,72.2793296089386,16.321608040201
0.0221221221221221,95.4321608040201,95.4321608040201,20.7118644067797,72,73.7932960893855,16.5376884422111
0.0222222222222222,95.643216080402,95.643216080402,20.7457627118644,74.3333333333333,75.3072625698324,16.7537688442211
0.0223223223223223,95.8542713567839,95.8542713567839,20.7796610169492,76.6666666666667,76.8212290502793,16.9698492462312
0.0224224224224224,96.0653266331658,96.0653266331658,20.8135593220339,79,78.3351955307263,17.1859296482412
0.0225225225225225,96.2763819095477,96.2763819095477,20.8474576271186,81.3333333333333,79.8491620111732,17.4020100502513
0.0226226226226226,96.4874371859297,96.4874371859297,20.8813559322034,83.6666666666667,81.3631284916201,17.6180904522613
0.0227227227227227,96.6984924623116,96.6984924623116,20.9152542372881,86,82.877094972067,17.8341708542714
0.0228228228228228,96.9095477386935,96.9095477386935,20.9491525423729,88.3333333333333,84.391061452514,18.0502512562814
0.0229229229229229,97.1206030150754,97.1206030150754,20.9830508474576,90.6666666666667,85.9050279329609,18.2663316582915
0.023023023023023,97.3316582914573,97.3316582914573,21.0169491525424,93,87.4189944134078,18.4824120603015
0.0231231231231231,97.5427135678392,97.5427135678392,21.0508474576271,95.3333333333333,88.9329608938548,18.6984924623116
0.0232232232232232,97.7537688442211,97.7537688442211,21.0847457627119,97.6666666666667,90.4469273743017,18.9145728643216
0.0233233233233233,97.964824120603,97.964824120603,21.1186440677966,100,91.9608938547486,19.1306532663317
0.0234234234234234,98.1758793969849,98.1758793969849,21.1525423728814,102.333333333333,93.4748603351955,19.3467336683417
0.0235235235235235,98.3869346733668,98.3869346733668,21.1864406779661,104.666666666667,94.9888268156425,19.5628140703518
0.0236236236236236,98.5979899497488,98.5979899497488,21.2203389830508,107,96.5027932960894,19.7788944723618
0.0237237237237237,98.8090452261306,98.8090452261306,21.2542372881356,109.333333333333,98.0167597765363,19.9949748743719
0.0238238238238238,99.0201005025126,99.0201005025126,21.2881355932203,111.666666666667,99.5307262569832,20.2110552763819
0.0239239239239239,99.2311557788945,99.2311557788945,21.3220338983051,114,101.04469273743,20.427135678392
0.024024024024024,99.4422110552764,99.4422110552764,21.3559322033898,114,102.558659217877,20.643216080402
0.0241241241241241,99.6532663316583,99.6532663316583,21.3898305084746,114,104.072625698324,20.8592964824121
0.0242242242242242,99.8643216080402,99.8643216080402,21.4237288135593,114,105.586592178771,21.0753768844221
0.0243243243243243,100.075376884422,100.075376884422,21.4576271186441,114,107.100558659218,21.2914572864322
0.0244244244244244,100.286432160804,100.286432160804,21.4915254237288,114,108.614525139665,21.5075376884422
0.0245245245245245,100.497487437186,100.497487437186,21.5254237288136,114,110.128491620112,21.7236180904523
0.0246246246246246,100.708542713568,100.708542713568,21.5593220338983,114,111.642458100559,21.9396984924623
0.0247247247247247,100.91959798995,100.91959798995,21.5932203389831,114,113.156424581006,22.1557788944724
0.0248248248248248,101.130653266332,101.130653266332,21.6271186440678,114,114.670391061453,22.3718592964824
0.0249249249249249,101.341708542714,101.341708542714,21.6610169491525,114,116.184357541899,22.5879396984925
0.025025025025025,101.552763819095,101.552763819095,21.6949152542373,114,117.698324022346,22.8040201005025
0.0251251251251251,101.763819095477,101.763819095477,21.728813559322,114,119.212290502793,23.0201005025126
0.0252252252252252,101.974874371859,101.974874371859,21.7627118644068,114,120.72625698324,23.2361809045226
0.0253253253253253,102.185929648241,102.185929648241,21.7966101694915,114,122.240223463687,23.4522613065327
0.0254254254254254,102.396984924623,102.396984924623,21.8305084745763,114,123.754189944134,23.6683417085427
0.0255255255255255,102.608040201005,102.608040201005,21.864406779661,114,125.268156424581,23.8844221105528
0.0256256256256256,102.819095477387,102.819095477387,21.8983050847458,114,126.782122905028,24.1005025125628
0.0257257257257257,103.030150753769,103.030150753769,21.9322033898305,114,128.296089385475,24.3165829145729
0.0258258258258258,103.241206030151,103.241206030151,21.9661016949153,114,129.810055865922,24.5326633165829
0.0259259259259259,103.452261306533,103.452261306533,22,114,131.324022346369,24.748743718593
0.026026026026026,103.663316582915,103.663316582915,22,114,132.837988826816,24.964824120603
0.0261261261261261,103.874371859296,103.874371859296,22,114,134.351955307263,25.1809045226131
0.0262262262262262,104.085427135678,104.085427135678,22,114,135.86592178771,25.3969849246231
0.0263263263263263,104.29648241206,104.29648241206,22,114,137.379888268156,25.6130653266332
0.0264264264264264,104.507537688442,104.507537688442,22,114,138.893854748603,25.8291457286432
0.0265265265265265,104.718592964824,104.718592964824,22,114,140.40782122905,26.0452261306533
0.0266266266266266,104.929648241206,104.929648241206,22,114,141.921787709497,26.2613065326633
0.0267267267267267,105.140703517588,105.140703517588,22,114,143.435754189944,26.4773869346734
0.0268268268268268,105.35175879397,105.35175879397,22,114,144.949720670391,26.6934673366834
0.0269269269269269,105.562814070352,105.562814070352,22,114,146.463687150838,26.9095477386935
0.027027027027027,105.773869346734,105.773869346734,22,114,147.977653631285,27.1256281407035
0.0271271271271271,105.984924623116,105.984924623116,22,114,149.491620111732,27.3417085427136
0.0272272272272272,106.195979899497,106.195979899497,22,114,151.005586592179,27.5577889447236
0.0273273273273273,106.407035175879,106.407035175879,22,114,152.519553072626,27.7738693467337
0.0274274274274274,106.618090452261,106.618090452261,22,114,154.033519553073,27.9899497487437
0.0275275275275275,106.829145728643,106.829145728643,22,114,155.54748603352,28.2060301507538
0.0276276276276276,107.040201005025,107.040201005025,22,114,157.061452513966,28.4221105527638
0.0277277277277277,107.251256281407,107.251256281407,22,114,158.575418994413,28.6381909547739
0.0278278278278278,107.462311557789,107.462311557789,22,114,160.08938547486,28.8542713567839
0.0279279279279279,107.673366834171,107.673366834171,22,114,161.603351955307,29.070351758794
0.028028028028028,107.884422110553,107.884422110553,22,114,163.117318435754,29.286432160804
0.0281281281281281,108.095477386935,108.095477386935,22,114,164.631284916201,29.5025125628141
0.0282282282282282,108.306532663317,108.306532663317,22,114,166.145251396648,29.7185929648241
0.0283283283283283,108.517587939699,108.517587939699,22,114,167.659217877095,29.9346733668342
0.0284284284284284,108.72864321608,108.72864321608,22,114,169.173184357542,30.1507537688442
0.0285285285285285,108.939698492462,108.939698492462,22,114,170.687150837989,30.3668341708543
0.0286286286286286,109.150753768844,109.150753768844,22,114,172.201117318436,30.5829145728643
0.0287287287287287,109.361809045226,109.361809045226,22,114,173.715083798883,30.7989949748744
0.0288288288288288,109.572864321608,109.572864321608,22,114,175.22905027933,31.0150753768844
0.0289289289289289,109.78391959799,109.78391959799,22,114,176.743016759777,31.2311557788945
0.029029029029029,109.994974874372,109.994974874372,22,114,178.256983240223,31.4472361809045
0.0291291291291291,110.206030150754,110.206030150754,22,114,179.77094972067,31.6633165829146
0.0292292292292292,110.417085427136,110.417085427136,22,114,181.284916201117,31.8793969849246
0.0293293293293293,110.628140703518,110.628140703518,22,114,182.798882681564,32.0954773869347
0.0294294294294294,110.8391959799,110.8391959799,22,114,184.312849162011,32.3115577889447
0.0295295295295295,111.050251256281,111.050251256281,22,114,185.826815642458,32.5276381909548
0.0296296296296296,111.261306532663,111.261306532663,22,114,187.340782122905,32.7437185929648
0.0297297297297297,111.472361809045,111.472361809045,22,114,188.854748603352,32.9597989949749
0.0298298298298298,111.683417085427,111.683417085427,22,114,190.368715083799,33.1758793969849
0.0299299299299299,111.894472361809,111.894472361809,22,114,191.882681564246,33.391959798995
0.03003003003003,112.105527638191,112.105527638191,22,114,193.396648044693,33.608040201005
0.0301301301301301,112.316582914573,112.316582914573,22,114,194.91061452514,33.8241206030151
0.0302302302302302,112.527638190955,112.527638190955,22,114,196.424581005587,34.0402010050251
0.0303303303303303,112.738693467337,112.738693467337,22,114,197.938547486034,34.2562814070352
0.0304304304304304,112.949748743719,112.949748743719,22,114,199.45251396648,34.4723618090452
0.0305305305305305,113.1608040201,113.1608040201,22,114,200.966480446927,34.6884422110553
0.0306306306306306,113.371859296482,113.371859296482,22,114,202.480446927374,34.9045226130653
0.0307307307307307,113.582914572864,113.582914572864,22,114,203.994413407821,35.1206030150754
0.0308308308308308,113.793969849246,113.793969849246,22,114,205.508379888268,35.3366834170854
0.0309309309309309,114.005025125628,114.005025125628,22,114,207.022346368715,35.5527638190955
0.031031031031031,114.21608040201,114.21608040201,22,114,208.536312849162,35.7688442211055
0.0311311311311311,114.427135678392,114.427135678392,22,114,210.050279329609,35.9849246231156
0.0312312312312312,114.638190954774,114.638190954774,22,114,211.564245810056,36.2010050251256
0.0313313313313313,114.849246231156,114.849246231156,22,114,213.078212290503,36.4170854271357
0.0314314314314314,115.060301507538,115.060301507538,22,114,214.59217877095,36.6331658291457
0.0315315315315315,115.27135678392,115.27135678392,22,114,216.106145251397,36.8492462311558
0.0316316316316316,115.482412060301,115.482412060301,22,114,217.620111731844,37.0653266331658
0.0317317317317317,115.693467336683,115.693467336683,22,114,219.13407821229,37.2814070351759
0.0318318318318318,115.904522613065,115.904522613065,22,114,220.648044692737,37.4974874371859
0.0319319319319319,116.115577889447,116.115577889447,22,114,222.162011173184,37.713567839196
0.032032032032032,116.326633165829,116.326633165829,22,114,223.675977653631,37.929648241206
0.0321321321321321,116.537688442211,116.537688442211,22,114,225.189944134078,38.1457286432161
0.0322322322322322,116.748743718593,116.748743718593,22,114,226.703910614525,38.3618090452261
0.0323323323323323,116.959798994975,116.959798994975,22,114,228.217877094972,38.5778894472362
0.0324324324324324,117.170854271357,117.170854271357,22,114,229.731843575419,38.7939698492462
0.0325325325325325,117.381909547739,117.381909547739,22,114,231.245810055866,39.0100502512563
0.0326326326326326,117.592964824121,117.592964824121,22,114,232.759776536313,39.2261306532663
0.0327327327327327,117.804020100503,117.804020100503,22,114,234.27374301676,39.4422110552764
0.0328328328328328,118.015075376884,118.015075376884,22,114,235.787709497207,39.6582914572864
0.0329329329329329,118.226130653266,118.226130653266,22,114,237.301675977654,39.8743718592965
0.033033033033033,118.437185929648,118.437185929648,22,114,238.815642458101,40.0904522613065
0.0331331331331331,118.64824120603,118.64824120603,22,114,240.329608938547,40.3065326633166
0.0332332332332332,118.859296482412,118.859296482412,22,114,241.843575418994,40.5226130653266
0.0333333333333333,119.070351758794,119.070351758794,22,114,243.357541899441,40.7386934673367
0.0334334334334334,119.281407035176,119.281407035176,22,114,244.871508379888,40.9547738693467
0.0335335335335335,119.492462311558,119.492462311558,22,114,246.385474860335,41.1708542713568
0.0336336336336336,119.70351758794,119.70351758794,22,114,247.899441340782,41.3869346733668
0.0337337337337337,119.914572864322,119.914572864322,22,114,249.413407821229,41.6030150753769
0.0338338338338338,120.125628140704,120.125628140704,22,114,250.927374301676,41.8190954773869
0.0339339339339339,120.336683417085,120.336683417085,22,114,252.441340782123,42.035175879397
0.034034034034034,120.547738693467,120.547738693467,22,114,253.95530726257,42.251256281407
0.0341341341341341,120.758793969849,120.758793969849,22,114,255.469273743017,42.4673366834171
0.0342342342342342,120.969849246231,120.969849246231,22,114,256.983240223464,42.6834170854271
0.0343343343343343,121.180904522613,121.180904522613,22,114,258.497206703911,42.8994974874372
0.0344344344344344,121.391959798995,121.391959798995,22,114,260.011173184358,43.1155778894472
0.0345345345345345,121.603015075377,121.603015075377,22,114,261.525139664804,43.3316582914573
0.0346346346346346,121.814070351759,121.814070351759,22,114,263.039106145251,43.5477386934673
0.0347347347347347,122.025125628141,122.025125628141,22,114,264.553072625698,43.7638190954774
0.0348348348348348,122.236180904523,122.236180904523,22,114,266.067039106145,43.9798994974874
0.0349349349349349,122.447236180905,122.447236180905,22,114,267.581005586592,44.1959798994975
0.035035035035035,122.658291457286,122.658291457286,22,114,269.094972067039,44.4120603015075
0.0351351351351351,122.869346733668,122.869346733668,22,114,270.608938547486,44.6281407035176
0.0352352352352352,123.08040201005,123.08040201005,22,114,272.122905027933,44.8442211055276
0.0353353353353353,123.291457286432,123.291457286432,22,114,273.63687150838,45.0603015075377
0.0354354354354354,123.502512562814,123.502512562814,22,114,275.150837988827,45.2763819095477
0.0355355355355355,123.713567839196,123.713567839196,22,114,276.664804469274,45.4924623115578
0.0356356356356356,123.924623115578,123.924623115578,22,114,278.178770949721,45.7085427135678
0.0357357357357357,124.13567839196,124.13567839196,22,114,279.692737430168,45.9246231155779
0.0358358358358358,124.346733668342,124.346733668342,22,114,281.206703910615,46.1407035175879
0.0359359359359359,124.557788944724,124.557788944724,22,114,282.720670391061,46.356783919598
0.036036036036036,124.768844221106,124.768844221106,22,114,284.234636871508,46.572864321608
0.0361361361361361,124.979899497487,124.979899497487,22,114,285.748603351955,46.7889447236181
0.0362362362362362,125.190954773869,125.190954773869,22,114,287.262569832402,47.0050251256281
0.0363363363363363,125.402010050251,125.402010050251,22,114,288.776536312849,47.2211055276382
0.0364364364364364,125.613065326633,125.613065326633,22,114,290.290502793296,47.4371859296482
0.0365365365365365,125.824120603015,125.824120603015,22,114,291.804469273743,47.6532663316583
0.0366366366366366,126.035175879397,126.035175879397,22,114,293.31843575419,47.8693467336683
0.0367367367367367,126.246231155779,126.246231155779,22,114,294.832402234637,48.0854271356784
0.0368368368368368,126.457286432161,126.457286432161,22,114,296.346368715084,48.3015075376884
0.0369369369369369,126.668341708543,126.668341708543,22,114,297.860335195531,48.5175879396985
0.037037037037037,126.879396984925,126.879396984925,22,114,299.374301675978,48.7336683417085
0.0371371371371371,127.090452261307,127.090452261307,22,114,300.888268156425,48.9497487437186
0.0372372372372372,127.301507537688,127.301507537688,22,114,302.402234636872,49.1658291457286
0.0373373373373373,127.51256281407,127.51256281407,22,114,303.916201117318,49.3819095477387
0.0374374374374374,127.723618090452,127.723618090452,22,114,305.430167597765,49.5979899497487
0.0375375375375375,127.934673366834,127.934673366834,22,114,306.944134078212,49.8140703517588
0.0376376376376376,128.145728643216,128.145728643216,22,114,308.458100558659,50.0301507537688
0.0377377377377377,128.356783919598,128.356783919598,22,114,309.972067039106,50.2462311557789
0.0378378378378378,128.56783919598,128.56783919598,22,114,311.486033519553,50.4623115577889
0.0379379379379379,128.778894472362,128.778894472362,22,114,313,50.678391959799
0.038038038038038,128.989949748744,128.989949748744,22,114,313,50.894472361809
0.0381381381381381,129.201005025126,129.201005025126,22,114,313,51.1105527638191
0.0382382382382382,129.412060301508,129.412060301508,22,114,313,51.3266331658291
0.0383383383383383,129.623115577889,129.623115577889,22,114,313,51.5427135678392
0.0384384384384384,129.834170854271,129.834170854271,22,114,313,51.7587939698492
0.0385385385385385,130.045226130653,130.045226130653,22,114,313,51.9748743718593
0.0386386386386386,130.256281407035,130.256281407035,22,114,313,52.1909547738693
0.0387387387387387,130.467336683417,130.467336683417,22,114,313,52.4070351758794
0.0388388388388388,130.678391959799,130.678391959799,22,114,313,52.6231155778895
0.0389389389389389,130.889447236181,130.889447236181,22,114,313,52.8391959798995
0.039039039039039,131.100502512563,131.100502512563,22,114,313,53.0552763819096
0.0391391391391391,131.311557788945,131.311557788945,22,114,313,53.2713567839196
0.0392392392392392,131.522613065327,131.522613065327,22,114,313,53.4874371859297
0.0393393393393393,131.733668341709,131.733668341709,22,114,313,53.7035175879397
0.0394394394394394,131.94472361809,131.94472361809,22,114,313,53.9195979899498
0.0395395395395395,132.155778894472,132.155778894472,22,114,313,54.1356783919598
0.0396396396396396,132.366834170854,132.366834170854,22,114,313,54.3517587939699
0.0397397397397397,132.577889447236,132.577889447236,22,114,313,54.5678391959799
0.0398398398398398,132.788944723618,132.788944723618,22,114,313,54.78391959799
0.0399399399399399,133,133,22,114,313,55
0.04004004004004,133,133,22,114,313,55
0.0401401401401401,134.564102564103,134.564102564103,22.2307692307692,114.705882352941,312.263157894737,55.7765363128492
0.0402402402402402,136.128205128205,136.128205128205,22.4615384615385,115.411764705882,311.526315789474,56.5530726256983
0.0403403403403403,137.692307692308,137.692307692308,22.6923076923077,116.117647058824,310.789473684211,57.3296089385475
0.0404404404404404,139.25641025641,139.25641025641,22.9230769230769,116.823529411765,310.052631578947,58.1061452513966
0.0405405405405405,140.820512820513,140.820512820513,23.1538461538462,117.529411764706,309.315789473684,58.8826815642458
0.0406406406406406,142.384615384615,142.384615384615,23.3846153846154,118.235294117647,308.578947368421,59.659217877095
0.0407407407407407,143.948717948718,143.948717948718,23.6153846153846,118.941176470588,307.842105263158,60.4357541899441
0.0408408408408408,145.512820512821,145.512820512821,23.8461538461538,119.647058823529,307.105263157895,61.2122905027933
0.0409409409409409,147.076923076923,147.076923076923,24.0769230769231,120.352941176471,306.368421052632,61.9888268156425
0.041041041041041,148.641025641026,148.641025641026,24.3076923076923,121.058823529412,305.631578947368,62.7653631284916
0.0411411411411411,150.205128205128,150.205128205128,24.5384615384615,121.764705882353,304.894736842105,63.5418994413408
0.0412412412412412,151.769230769231,151.769230769231,24.7692307692308,122.470588235294,304.157894736842,64.3184357541899
0.0413413413413413,153.333333333333,153.333333333333,25,123.176470588235,303.421052631579,65.0949720670391
0.0414414414414414,154.897435897436,154.897435897436,25.2307692307692,123.882352941176,302.684210526316,65.8715083798883
0.0415415415415415,156.461538461538,156.461538461538,25.4615384615385,124.588235294118,301.947368421053,66.6480446927374
0.0416416416416416,158.025641025641,158.025641025641,25.6923076923077,125.294117647059,301.210526315789,67.4245810055866
0.0417417417417417,159.589743589744,159.589743589744,25.9230769230769,126,300.473684210526,68.2011173184357
0.0418418418418418,161.153846153846,161.153846153846,26.1538461538462,126.705882352941,299.736842105263,68.9776536312849
0.0419419419419419,162.717948717949,162.717948717949,26.3846153846154,127.411764705882,299,69.7541899441341
0.042042042042042,164.282051282051,164.282051282051,26.6153846153846,128.117647058824,299,70.5307262569832
0.0421421421421421,165.846153846154,165.846153846154,26.8461538461538,128.823529411765,299,71.3072625698324
0.0422422422422422,167.410256410256,167.410256410256,27.0769230769231,129.529411764706,299,72.0837988826816
0.0423423423423423,168.974358974359,168.974358974359,27.3076923076923,130.235294117647,299,72.8603351955307
0.0424424424424424,170.538461538462,170.538461538462,27.5384615384615,130.941176470588,299,73.6368715083799
0.0425425425425425,172.102564102564,172.102564102564,27.7692307692308,131.647058823529,299,74.413407821229
0.0426426426426426,173.666666666667,173.666666666667,28,132.352941176471,299,75.1899441340782
0.0427427427427427,175.230769230769,175.230769230769,28.2307692307692,133.058823529412,299,75.9664804469274
0.0428428428428429,176.794871794872,176.794871794872,28.4615384615385,133.764705882353,299,76.7430167597765
0.042942942942943,178.358974358974,178.358974358974,28.6923076923077,134.470588235294,299,77.5195530726257
0.043043043043043,179.923076923077,179.923076923077,28.9230769230769,135.176470588235,299,78.2960893854749
0.0431431431431431,181.48717948718,181.48717948718,29.1538461538462,135.882352941176,299,79.072625698324
0.0432432432432432,183.051282051282,183.051282051282,29.3846153846154,136.588235294118,299,79.8491620111732
0.0433433433433433,184.615384615385,184.615384615385,29.6153846153846,137.294117647059,299,80.6256983240224
0.0434434434434434,186.179487179487,186.179487179487,29.8461538461538,138,299,81.4022346368715
0.0435435435435435,187.74358974359,187.74358974359,30.0769230769231,138.705882352941,299,82.1787709497207
0.0436436436436436,189.307692307692,189.307692307692,30.3076923076923,139.411764705882,299,82.9553072625698
0.0437437437437437,190.871794871795,190.871794871795,30.5384615384615,140.117647058824,299,83.731843575419
0.0438438438438438,192.435897435897,192.435897435897,30.7692307692308,140.823529411765,299,84.5083798882682
0.0439439439439439,194,194,31,141.529411764706,299,85.2849162011173
0.044044044044044,194,194,31,142.235294117647,299,86.0614525139665
0.0441441441441441,194,194,31,142.941176470588,299,86.8379888268156
0.0442442442442442,194,194,31,143.647058823529,299,87.6145251396648
0.0443443443443443,194,194,31,144.352941176471,299,88.391061452514
0.0444444444444445,194,194,31,145.058823529412,299,89.1675977653631
0.0445445445445445,194,194,31,145.764705882353,299,89.9441340782123
0.0446446446446446,194,194,31,146.470588235294,299,90.7206703910614
0.0447447447447447,194,194,31,147.176470588235,299,91.4972067039106
0.0448448448448448,194,194,31,147.882352941176,299,92.2737430167598
0.0449449449449449,194,194,31,148.588235294118,299,93.0502793296089
0.045045045045045,194,194,31,149.294117647059,299,93.8268156424581
0.0451451451451451,194,194,31,150,299,94.6033519553073
0.0452452452452453,194,194,31,150.705882352941,299,95.3798882681564
0.0453453453453454,194,194,31,151.411764705882,299,96.1564245810056
0.0454454454454455,194,194,31,152.117647058824,299,96.9329608938548
0.0455455455455455,194,194,31,152.823529411765,299,97.7094972067039
0.0456456456456456,194,194,31,153.529411764706,299,98.4860335195531
0.0457457457457457,194,194,31,154.235294117647,299,99.2625698324022
0.0458458458458458,194,194,31,154.941176470588,299,100.039106145251
0.0459459459459459,194,194,31,155.647058823529,299,100.815642458101
0.046046046046046,194,194,31,156.352941176471,299,101.59217877095
0.0461461461461461,194,194,31,157.058823529412,299,102.368715083799
0.0462462462462463,194,194,31,157.764705882353,299,103.145251396648
0.0463463463463464,194,194,31,158.470588235294,299,103.921787709497
0.0464464464464465,194,194,31,159.176470588235,299,104.698324022346
0.0465465465465465,194,194,31,159.882352941176,299,105.474860335196
0.0466466466466466,194,194,31,160.588235294118,299,106.251396648045
0.0467467467467467,194,194,31,161.294117647059,299,107.027932960894
0.0468468468468469,194,194,31,162,299,107.804469273743
0.046946946946947,194,194,31,162.705882352941,299,108.581005586592
0.047047047047047,194,194,31,163.411764705882,299,109.357541899441
0.0471471471471471,194,194,31,164.117647058824,299,110.134078212291
0.0472472472472472,194,194,31,164.823529411765,299,110.91061452514
0.0473473473473474,194,194,31,165.529411764706,299,111.687150837989
0.0474474474474475,194,194,31,166.235294117647,299,112.463687150838
0.0475475475475475,194,194,31,166.941176470588,299,113.240223463687
0.0476476476476477,194,194,31,167.647058823529,299,114.016759776536
0.0477477477477478,194,194,31,168.352941176471,299,114.793296089385
0.0478478478478479,194,194,31,169.058823529412,299,115.569832402235
0.047947947947948,194,194,31,169.764705882353,299,116.346368715084
0.048048048048048,194,194,31,170.470588235294,299,117.122905027933
0.0481481481481481,194,194,31,171.176470588235,299,117.899441340782
0.0482482482482482,194,194,31,171.882352941176,299,118.675977653631
0.0483483483483483,194,194,31,172.588235294118,299,119.45251396648
0.0484484484484485,194,194,31,173.294117647059,299,120.22905027933
0.0485485485485486,194,194,31,174,299,121.005586592179
0.0486486486486487,194,194,31,174.705882352941,299,121.782122905028
0.0487487487487488,194,194,31,175.411764705882,299,122.558659217877
0.0488488488488489,194,194,31,176.117647058824,299,123.335195530726
0.048948948948949,194,194,31,176.823529411765,299,124.111731843575
0.049049049049049,194,194,31,177.529411764706,299,124.888268156425
0.0491491491491491,194,194,31,178.235294117647,299,125.664804469274
0.0492492492492493,194,194,31,178.941176470588,299,126.441340782123
0.0493493493493494,194,194,31,179.647058823529,299,127.217877094972
0.0494494494494495,194,194,31,180.352941176471,299,127.994413407821
0.0495495495495495,194,194,31,181.058823529412,299,128.77094972067
0.0496496496496497,194,194,31,181.764705882353,299,129.54748603352
0.0497497497497498,194,194,31,182.470588235294,299,130.324022346369
0.0498498498498499,194,194,31,183.176470588235,299,131.100558659218
0.04994994994995,194,194,31,183.882352941176,299,131.877094972067
0.0500500500500501,194,194,31,184.588235294118,299,132.653631284916
0.0501501501501502,194,194,31,185.294117647059,299,133.430167597765
0.0502502502502503,194,194,31,186,299,134.206703910615
0.0503503503503504,194,194,31,186.705882352941,299,134.983240223464
0.0504504504504505,194,194,31,187.411764705882,299,135.759776536313
0.0505505505505505,194,194,31,188.117647058824,299,136.536312849162
0.0506506506506506,194,194,31,188.823529411765,299,137.312849162011
0.0507507507507508,194,194,31,189.529411764706,299,138.08938547486
0.0508508508508509,194,194,31,190.235294117647,299,138.86592178771
0.050950950950951,194,194,31,190.941176470588,299,139.642458100559
0.0510510510510511,194,194,31,191.647058823529,299,140.418994413408
0.0511511511511512,194,194,31,192.352941176471,299,141.195530726257
0.0512512512512513,194,194,31,193.058823529412,299,141.972067039106
0.0513513513513514,194,194,31,193.764705882353,299,142.748603351955
0.0514514514514515,194,194,31,194.470588235294,299,143.525139664804
0.0515515515515515,194,194,31,195.176470588235,299,144.301675977654
0.0516516516516517,194,194,31,195.882352941176,299,145.078212290503
0.0517517517517518,194,194,31,196.588235294118,299,145.854748603352
0.0518518518518519,194,194,31,197.294117647059,299,146.631284916201
0.051951951951952,194,194,31,198,299,147.40782122905
0.0520520520520521,194,194,31,198,299,148.184357541899
0.0521521521521522,194,194,31,198,299,148.960893854749
0.0522522522522523,194,194,31,198,299,149.737430167598
0.0523523523523524,194,194,31,198,299,150.513966480447
0.0524524524524525,194,194,31,198,299,151.290502793296
0.0525525525525526,194,194,31,198,299,152.067039106145
0.0526526526526527,194,194,31,198,299,152.843575418994
0.0527527527527528,194,194,31,198,299,153.620111731844
0.0528528528528529,194,194,31,198,299,154.396648044693
0.052952952952953,194,194,31,198,299,155.173184357542
0.0530530530530531,194,194,31,198,299,155.949720670391
0.0531531531531532,194,194,31,198,299,156.72625698324
0.0532532532532533,194,194,31,198,299,157.502793296089
0.0533533533533534,194,194,31,198,299,158.279329608939
0.0534534534534535,194,194,31,198,299,159.055865921788
0.0535535535535536,194,194,31,198,299,159.832402234637
0.0536536536536537,194,194,31,198,299,160.608938547486
0.0537537537537538,194,194,31,198,299,161.385474860335
0.0538538538538539,194,194,31,198,299,162.162011173184
0.053953953953954,194,194,31,198,299,162.938547486034
0.0540540540540541,194,194,31,198,299,163.715083798883
0.0541541541541542,194,194,31,198,299,164.491620111732
0.0542542542542543,194,194,31,198,299,165.268156424581
0.0543543543543544,194,194,31,198,299,166.04469273743
0.0544544544544545,194,194,31,198,299,166.821229050279
0.0545545545545546,194,194,31,198,299,167.597765363128
0.0546546546546547,194,194,31,198,299,168.374301675978
0.0547547547547548,194,194,31,198,299,169.150837988827
0.0548548548548549,194,194,31,198,299,169.927374301676
0.054954954954955,194,194,31,198,299,170.703910614525
0.0550550550550551,194,194,31,198,299,171.480446927374
0.0551551551551552,194,194,31,198,299,172.256983240223
0.0552552552552553,194,194,31,198,299,173.033519553073
0.0553553553553554,194,194,31,198,299,173.810055865922
0.0554554554554555,194,194,31,198,299,174.586592178771
0.0555555555555556,194,194,31,198,299,175.36312849162
0.0556556556556557,194,194,31,198,299,176.139664804469
0.0557557557557558,194,194,31,198,299,176.916201117318
0.0558558558558559,194,194,31,198,299,177.692737430168
0.055955955955956,194,194,31,198,299,178.469273743017
0.0560560560560561,194,194,31,198,299,179.245810055866
0.0561561561561562,194,194,31,198,299,180.022346368715
0.0562562562562563,194,194,31,198,299,180.798882681564
0.0563563563563564,194,194,31,198,299,181.575418994413
0.0564564564564565,194,194,31,198,299,182.351955307263
0.0565565565565566,194,194,31,198,299,183.128491620112
0.0566566566566567,194,194,31,198,299,183.905027932961
0.0567567567567568,194,194,31,198,299,184.68156424581
0.0568568568568569,194,194,31,198,299,185.458100558659
0.056956956956957,194,194,31,198,299,186.234636871508
0.0570570570570571,194,194,31,198,299,187.011173184358
0.0571571571571572,194,194,31,198,299,187.787709497207
0.0572572572572573,194,194,31,198,299,188.564245810056
0.0573573573573574,194,194,31,198,299,189.340782122905
0.0574574574574575,194,194,31,198,299,190.117318435754
0.0575575575575576,194,194,31,198,299,190.893854748603
0.0576576576576577,194,194,31,198,299,191.670391061453
0.0577577577577578,194,194,31,198,299,192.446927374302
0.0578578578578579,194,194,31,198,299,193.223463687151
0.057957957957958,194,194,31,198,299,194
0.0580580580580581,194,194,31,198,299,194
0.0581581581581582,194,194,31,198,299,194
0.0582582582582583,194,194,31,198,299,194
0.0583583583583584,194,194,31,198,299,194
0.0584584584584585,194,194,31,198,299,194
0.0585585585585586,194,194,31,198,299,194
0.0586586586586587,194,194,31,198,299,194
0.0587587587587588,194,194,31,198,299,194
0.0588588588588589,194,194,31,198,299,194
0.058958958958959,194,194,31,198,299,194
0.0590590590590591,194,194,31,198,299,194
0.0591591591591592,194,194,31,198,299,194
0.0592592592592593,194,194,31,198,299,194
0.0593593593593594,194,194,31,198,299,194
0.0594594594594595,194,194,31,198,299,194
0.0595595595595596,194,194,31,198,299,194
0.0596596596596597,194,194,31,198,299,194
0.0597597597597598,194,194,31,198,299,194
0.0598598598598599,194,194,31,198,299,194
0.05995995995996,194,194,31,198,299,194
0.0600600600600601,194,194,31,198,299,194
0.0601601601601602,192.645569620253,192.645569620253,30.8282828282828,199.974358974359,299.28813559322,193.165829145729
0.0602602602602603,191.291139240506,191.291139240506,30.6565656565657,201.948717948718,299.576271186441,192.331658291457
0.0603603603603604,189.936708860759,189.936708860759,30.4848484848485,203.923076923077,299.864406779661,191.497487437186
0.0604604604604605,188.582278481013,188.582278481013,30.3131313131313,205.897435897436,300.152542372881,190.663316582915
0.0605605605605606,187.227848101266,187.227848101266,30.1414141414141,207.871794871795,300.440677966102,189.829145728643
0.0606606606606607,185.873417721519,185.873417721519,29.969696969697,209.846153846154,300.728813559322,188.994974874372
0.0607607607607608,184.518987341772,184.518987341772,29.7979797979798,211.820512820513,301.016949152542,188.1608040201
0.0608608608608609,183.164556962025,183.164556962025,29.6262626262626,213.794871794872,301.305084745763,187.326633165829
0.060960960960961,181.810126582278,181.810126582278,29.4545454545455,215.769230769231,301.593220338983,186.492462311558
0.0610610610610611,180.455696202532,180.455696202532,29.2828282828283,217.74358974359,301.881355932203,185.658291457286
0.0611611611611612,179.101265822785,179.101265822785,29.1111111111111,219.717948717949,302.169491525424,184.824120603015
0.0612612612612613,177.746835443038,177.746835443038,28.9393939393939,221.692307692308,302.457627118644,183.989949748744
0.0613613613613614,176.392405063291,176.392405063291,28.7676767676768,223.666666666667,302.745762711864,183.155778894472
0.0614614614614615,175.037974683544,175.037974683544,28.5959595959596,225.641025641026,303.033898305085,182.321608040201
0.0615615615615616,173.683544303797,173.683544303797,28.4242424242424,227.615384615385,303.322033898305,181.48743718593
0.0616616616616617,172.329113924051,172.329113924051,28.2525252525253,229.589743589744,303.610169491525,180.653266331658
0.0617617617617618,170.974683544304,170.974683544304,28.0808080808081,231.564102564103,303.898305084746,179.819095477387
0.0618618618618619,169.620253164557,169.620253164557,27.9090909090909,233.538461538462,304.186440677966,178.984924623116
0.061961961961962,168.26582278481,168.26582278481,27.7373737373737,235.51282051282,304.474576271186,178.150753768844
0.0620620620620621,166.911392405063,166.911392405063,27.5656565656566,237.48717948718,304.762711864407,177.316582914573
0.0621621621621622,165.556962025316,165.556962025316,27.3939393939394,239.461538461538,305.050847457627,176.482412060301
0.0622622622622623,164.20253164557,164.20253164557,27.2222222222222,241.435897435897,305.338983050847,175.64824120603
0.0623623623623624,162.848101265823,162.848101265823,27.0505050505051,243.410256410256,305.627118644068,174.814070351759
0.0624624624624625,161.493670886076,161.493670886076,26.8787878787879,245.384615384615,305.915254237288,173.979899497487
0.0625625625625626,160.139240506329,160.139240506329,26.7070707070707,247.358974358974,306.203389830508,173.145728643216
0.0626626626626627,158.784810126582,158.784810126582,26.5353535353535,249.333333333333,306.491525423729,172.311557788945
0.0627627627627628,157.430379746835,157.430379746835,26.3636363636364,251.307692307692,306.779661016949,171.477386934673
0.0628628628628629,156.075949367089,156.075949367089,26.1919191919192,253.282051282051,307.067796610169,170.643216080402
0.062962962962963,154.721518987342,154.721518987342,26.020202020202,255.25641025641,307.35593220339,169.809045226131
0.0630630630630631,153.367088607595,153.367088607595,25.8484848484848,257.230769230769,307.64406779661,168.974874371859
0.0631631631631632,152.012658227848,152.012658227848,25.6767676767677,259.205128205128,307.932203389831,168.140703517588
0.0632632632632633,150.658227848101,150.658227848101,25.5050505050505,261.179487179487,308.220338983051,167.306532663317
0.0633633633633634,149.303797468354,149.303797468354,25.3333333333333,263.153846153846,308.508474576271,166.472361809045
0.0634634634634635,147.949367088608,147.949367088608,25.1616161616162,265.128205128205,308.796610169492,165.638190954774
0.0635635635635636,146.594936708861,146.594936708861,24.989898989899,267.102564102564,309.084745762712,164.804020100502
0.0636636636636637,145.240506329114,145.240506329114,24.8181818181818,269.076923076923,309.372881355932,163.969849246231
0.0637637637637638,143.886075949367,143.886075949367,24.6464646464646,271.051282051282,309.661016949153,163.13567839196
0.0638638638638639,142.53164556962,142.53164556962,24.4747474747475,273.025641025641,309.949152542373,162.301507537688
0.063963963963964,141.177215189873,141.177215189873,24.3030303030303,275,310.237288135593,161.467336683417
0.0640640640640641,139.822784810127,139.822784810127,24.1313131313131,275,310.525423728814,160.633165829146
0.0641641641641642,138.46835443038,138.46835443038,23.959595959596,275,310.813559322034,159.798994974874
0.0642642642642643,137.113924050633,137.113924050633,23.7878787878788,275,311.101694915254,158.964824120603
0.0643643643643644,135.759493670886,135.759493670886,23.6161616161616,275,311.389830508475,158.130653266332
0.0644644644644645,134.405063291139,134.405063291139,23.4444444444444,275,311.677966101695,157.29648241206
0.0645645645645646,133.050632911392,133.050632911392,23.2727272727273,275,311.966101694915,156.462311557789
0.0646646646646647,131.696202531646,131.696202531646,23.1010101010101,275,312.254237288136,155.628140703518
0.0647647647647648,130.341772151899,130.341772151899,22.9292929292929,275,312.542372881356,154.793969849246
0.0648648648648649,128.987341772152,128.987341772152,22.7575757575758,275,312.830508474576,153.959798994975
0.064964964964965,127.632911392405,127.632911392405,22.5858585858586,275,313.118644067797,153.125628140704
0.0650650650650651,126.278481012658,126.278481012658,22.4141414141414,275,313.406779661017,152.291457286432
0.0651651651651652,124.924050632911,124.924050632911,22.2424242424242,275,313.694915254237,151.457286432161
0.0652652652652653,123.569620253165,123.569620253165,22.0707070707071,275,313.983050847458,150.623115577889
0.0653653653653654,122.215189873418,122.215189873418,21.8989898989899,275,314.271186440678,149.788944723618
0.0654654654654655,120.860759493671,120.860759493671,21.7272727272727,275,314.559322033898,148.954773869347
0.0655655655655656,119.506329113924,119.506329113924,21.5555555555556,275,314.847457627119,148.120603015075
0.0656656656656657,118.151898734177,118.151898734177,21.3838383838384,275,315.135593220339,147.286432160804
0.0657657657657658,116.79746835443,116.79746835443,21.2121212121212,275,315.423728813559,146.452261306533
0.0658658658658659,115.443037974684,115.443037974684,21.040404040404,275,315.71186440678,145.618090452261
0.065965965965966,114.088607594937,114.088607594937,20.8686868686869,275,316,144.78391959799
0.0660660660660661,112.73417721519,112.73417721519,20.6969696969697,275,316,143.949748743719
0.0661661661661662,111.379746835443,111.379746835443,20.5252525252525,275,316,143.115577889447
0.0662662662662663,110.025316455696,110.025316455696,20.3535353535354,275,316,142.281407035176
0.0663663663663664,108.670886075949,108.670886075949,20.1818181818182,275,316,141.447236180905
0.0664664664664665,107.316455696203,107.316455696203,20.010101010101,275,316,140.613065326633
0.0665665665665666,105.962025316456,105.962025316456,19.8383838383838,275,316,139.778894472362
0.0666666666666667,104.607594936709,104.607594936709,19.6666666666667,275,316,138.94472361809
0.0667667667667668,103.253164556962,103.253164556962,19.4949494949495,275,316,138.110552763819
0.0668668668668669,101.898734177215,101.898734177215,19.3232323232323,275,316,137.276381909548
0.066966966966967,100.544303797468,100.544303797468,19.1515151515152,275,316,136.442211055276
0.0670670670670671,99.1898734177215,99.1898734177215,18.979797979798,275,316,135.608040201005
0.0671671671671672,97.8354430379747,97.8354430379747,18.8080808080808,275,316,134.773869346734
0.0672672672672673,96.4810126582279,96.4810126582279,18.6363636363636,275,316,133.939698492462
0.0673673673673674,95.126582278481,95.126582278481,18.4646464646465,275,316,133.105527638191
0.0674674674674675,93.7721518987342,93.7721518987342,18.2929292929293,275,316,132.27135678392
0.0675675675675676,92.4177215189873,92.4177215189873,18.1212121212121,275,316,131.437185929648
0.0676676676676677,91.0632911392405,91.0632911392405,17.9494949494949,275,316,130.603015075377
0.0677677677677678,89.7088607594937,89.7088607594937,17.7777777777778,275,316,129.768844221106
0.0678678678678679,88.3544303797468,88.3544303797468,17.6060606060606,275,316,128.934673366834
0.067967967967968,87,87,17.4343434343434,275,316,128.100502512563
0.0680680680680681,87,87,17.2626262626263,275,316,127.266331658291
0.0681681681681682,87,87,17.0909090909091,275,316,126.43216080402
0.0682682682682683,87,87,16.9191919191919,275,316,125.597989949749
0.0683683683683684,87,87,16.7474747474747,275,316,124.763819095477
0.0684684684684685,87,87,16.5757575757576,275,316,123.929648241206
0.0685685685685686,87,87,16.4040404040404,275,316,123.095477386935
0.0686686686686687,87,87,16.2323232323232,275,316,122.261306532663
0.0687687687687688,87,87,16.0606060606061,275,316,121.427135678392
0.0688688688688689,87,87,15.8888888888889,275,316,120.592964824121
0.068968968968969,87,87,15.7171717171717,275,316,119.758793969849
0.0690690690690691,87,87,15.5454545454545,275,316,118.924623115578
0.0691691691691692,87,87,15.3737373737374,275,316,118.090452261307
0.0692692692692693,87,87,15.2020202020202,275,316,117.256281407035
0.0693693693693694,87,87,15.030303030303,275,316,116.422110552764
0.0694694694694695,87,87,14.8585858585859,275,316,115.587939698492
0.0695695695695696,87,87,14.6868686868687,275,316,114.753768844221
0.0696696696696697,87,87,14.5151515151515,275,316,113.91959798995
0.0697697697697698,87,87,14.3434343434343,275,316,113.085427135678
0.0698698698698699,87,87,14.1717171717172,275,316,112.251256281407
0.06996996996997,87,87,14,275,316,111.417085427136
0.0700700700700701,87,87,14,275,316,110.582914572864
0.0701701701701702,87,87,14,275,316,109.748743718593
0.0702702702702703,87,87,14,275,316,108.914572864322
0.0703703703703704,87,87,14,275,316,108.08040201005
0.0704704704704705,87,87,14,275,316,107.246231155779
0.0705705705705706,87,87,14,275,316,106.412060301508
0.0706706706706707,87,87,14,275,316,105.577889447236
0.0707707707707708,87,87,14,275,316,104.743718592965
0.0708708708708709,87,87,14,275,316,103.909547738693
0.070970970970971,87,87,14,275,316,103.075376884422
0.0710710710710711,87,87,14,275,316,102.241206030151
0.0711711711711712,87,87,14,275,316,101.407035175879
0.0712712712712713,87,87,14,275,316,100.572864321608
0.0713713713713714,87,87,14,275,316,99.7386934673367
0.0714714714714715,87,87,14,275,316,98.9045226130653
0.0715715715715716,87,87,14,275,316,98.070351758794
0.0716716716716717,87,87,14,275,316,97.2361809045226
0.0717717717717718,87,87,14,275,316,96.4020100502513
0.0718718718718719,87,87,14,275,316,95.5678391959799
0.071971971971972,87,87,14,275,316,94.7336683417085
0.0720720720720721,87,87,14,275,316,93.8994974874372
0.0721721721721722,87,87,14,275,316,93.0653266331658
0.0722722722722723,87,87,14,275,316,92.2311557788945
0.0723723723723724,87,87,14,275,316,91.3969849246231
0.0724724724724725,87,87,14,275,316,90.5628140703518
0.0725725725725726,87,87,14,275,316,89.7286432160804
0.0726726726726727,87,87,14,275,316,88.8944723618091
0.0727727727727728,87,87,14,275,316,88.0603015075377
0.0728728728728729,87,87,14,275,316,87.2261306532663
0.072972972972973,87,87,14,275,316,86.391959798995
0.0730730730730731,87,87,14,275,316,85.5577889447236
0.0731731731731732,87,87,14,275,316,84.7236180904523
0.0732732732732733,87,87,14,275,316,83.8894472361809
0.0733733733733734,87,87,14,275,316,83.0552763819096
0.0734734734734735,87,87,14,275,316,82.2211055276382
0.0735735735735736,87,87,14,275,316,81.3869346733668
0.0736736736736737,87,87,14,275,316,80.5527638190955
0.0737737737737738,87,87,14,275,316,79.7185929648241
0.0738738738738739,87,87,14,275,316,78.8844221105528
0.073973973973974,87,87,14,275,316,78.0502512562814
0.0740740740740741,87,87,14,275,316,77.21608040201
0.0741741741741742,87,87,14,275,316,76.3819095477387
0.0742742742742743,87,87,14,275,316,75.5477386934673
0.0743743743743744,87,87,14,275,316,74.713567839196
0.0744744744744745,87,87,14,275,316,73.8793969849246
0.0745745745745746,87,87,14,275,316,73.0452261306533
0.0746746746746747,87,87,14,275,316,72.2110552763819
0.0747747747747748,87,87,14,275,316,71.3768844221105
0.0748748748748749,87,87,14,275,316,70.5427135678392
0.074974974974975,87,87,14,275,316,69.7085427135678
0.0750750750750751,87,87,14,275,316,68.8743718592965
0.0751751751751752,87,87,14,275,316,68.0402010050251
0.0752752752752753,87,87,14,275,316,67.2060301507538
0.0753753753753754,87,87,14,275,316,66.3718592964824
0.0754754754754755,87,87,14,275,316,65.537688442211
0.0755755755755756,87,87,14,275,316,64.7035175879397
0.0756756756756757,87,87,14,275,316,63.8693467336684
0.0757757757757758,87,87,14,275,316,63.035175879397
0.0758758758758759,87,87,14,275,316,62.2010050251256
0.075975975975976,87,87,14,275,316,61.3668341708543
0.0760760760760761,87,87,14,275,316,60.5326633165829
0.0761761761761762,87,87,14,275,316,59.6984924623115
0.0762762762762763,87,87,14,275,316,58.8643216080402
0.0763763763763764,87,87,14,275,316,58.0301507537689
0.0764764764764765,87,87,14,275,316,57.1959798994975
0.0765765765765766,87,87,14,275,316,56.3618090452261
0.0766766766766767,87,87,14,275,316,55.5276381909548
0.0767767767767768,87,87,14,275,316,54.6934673366834
0.0768768768768769,87,87,14,275,316,53.859296482412
0.076976976976977,87,87,14,275,316,53.0251256281407
0.0770770770770771,87,87,14,275,316,52.1909547738694
0.0771771771771772,87,87,14,275,316,51.356783919598
0.0772772772772773,87,87,14,275,316,50.5226130653266
0.0773773773773774,87,87,14,275,316,49.6884422110553
0.0774774774774775,87,87,14,275,316,48.8542713567839
0.0775775775775776,87,87,14,275,316,48.0201005025126
0.0776776776776777,87,87,14,275,316,47.1859296482412
0.0777777777777778,87,87,14,275,316,46.3517587939699
0.0778778778778779,87,87,14,275,316,45.5175879396985
0.077977977977978,87,87,14,275,316,44.6834170854271
0.0780780780780781,87,87,14,275,316,43.8492462311558
0.0781781781781782,87,87,14,275,316,43.0150753768844
0.0782782782782783,87,87,14,275,316,42.1809045226131
0.0783783783783784,87,87,14,275,316,41.3467336683417
0.0784784784784785,87,87,14,275,316,40.5125628140703
0.0785785785785786,87,87,14,275,316,39.678391959799
0.0786786786786787,87,87,14,275,316,38.8442211055277
0.0787787787787788,87,87,14,275,316,38.0100502512563
0.0788788788788789,87,87,14,275,316,37.1758793969849
0.078978978978979,87,87,14,275,316,36.3417085427136
0.0790790790790791,87,87,14,275,316,35.5075376884422
0.0791791791791792,87,87,14,275,316,34.6733668341708
0.0792792792792793,87,87,14,275,316,33.8391959798995
0.0793793793793794,87,87,14,275,316,33.0050251256282
0.0794794794794795,87,87,14,275,316,32.1708542713568
0.0795795795795796,87,87,14,275,316,31.3366834170854
0.0796796796796797,87,87,14,275,316,30.5025125628141
0.0797797797797798,87,87,14,275,316,29.6683417085427
0.0798798798798799,87,87,14,275,316,28.8341708542713
0.07997997997998,87,87,14,275,316,28
0.0800800800800801,87,87,14,275,316,28
0.0801801801801802,86.4646464646465,86.4646464646465,15.643216080402,273.928057553957,316.161616161616,28.030303030303
0.0802802802802803,85.9292929292929,85.9292929292929,17.286432160804,272.856115107914,316.323232323232,28.0606060606061
0.0803803803803804,85.3939393939394,85.3939393939394,18.929648241206,271.784172661871,316.484848484848,28.0909090909091
0.0804804804804805,84.8585858585859,84.8585858585859,20.572864321608,270.712230215827,316.646464646465,28.1212121212121
0.0805805805805806,84.3232323232323,84.3232323232323,22.21608040201,269.640287769784,316.808080808081,28.1515151515152
0.0806806806806807,83.7878787878788,83.7878787878788,23.8592964824121,268.568345323741,316.969696969697,28.1818181818182
0.0807807807807808,83.2525252525253,83.2525252525253,25.5025125628141,267.496402877698,317.131313131313,28.2121212121212
0.0808808808808809,82.7171717171717,82.7171717171717,27.1457286432161,266.424460431655,317.292929292929,28.2424242424242
0.080980980980981,82.1818181818182,82.1818181818182,28.7889447236181,265.352517985611,317.454545454545,28.2727272727273
0.0810810810810811,81.6464646464647,81.6464646464647,30.4321608040201,264.280575539568,317.616161616162,28.3030303030303
0.0811811811811812,81.1111111111111,81.1111111111111,32.0753768844221,263.208633093525,317.777777777778,28.3333333333333
0.0812812812812813,80.5757575757576,80.5757575757576,33.7185929648241,262.136690647482,317.939393939394,28.3636363636364
0.0813813813813814,80.040404040404,80.040404040404,35.3618090452261,261.064748201439,318.10101010101,28.3939393939394
0.0814814814814815,79.5050505050505,79.5050505050505,37.0050251256281,259.992805755396,318.262626262626,28.4242424242424
0.0815815815815816,78.969696969697,78.969696969697,38.6482412060301,258.920863309353,318.424242424242,28.4545454545455
0.0816816816816817,78.4343434343434,78.4343434343434,40.2914572864322,257.848920863309,318.585858585859,28.4848484848485
0.0817817817817818,77.8989898989899,77.8989898989899,41.9346733668342,256.776978417266,318.747474747475,28.5151515151515
0.0818818818818819,77.3636363636364,77.3636363636364,43.5778894472362,255.705035971223,318.909090909091,28.5454545454545
0.081981981981982,76.8282828282828,76.8282828282828,45.2211055276382,254.63309352518,319.070707070707,28.5757575757576
0.0820820820820821,76.2929292929293,76.2929292929293,46.8643216080402,253.561151079137,319.232323232323,28.6060606060606
0.0821821821821822,75.7575757575758,75.7575757575758,48.5075376884422,252.489208633094,319.393939393939,28.6363636363636
0.0822822822822823,75.2222222222222,75.2222222222222,50.1507537688442,251.41726618705,319.555555555556,28.6666666666667
0.0823823823823824,74.6868686868687,74.6868686868687,51.7939698492462,250.345323741007,319.717171717172,28.6969696969697
0.0824824824824825,74.1515151515152,74.1515151515152,53.4371859296482,249.273381294964,319.878787878788,28.7272727272727
0.0825825825825826,73.6161616161616,73.6161616161616,55.0804020100502,248.201438848921,320.040404040404,28.7575757575758
0.0826826826826827,73.0808080808081,73.0808080808081,56.7236180904523,247.129496402878,320.20202020202,28.7878787878788
0.0827827827827828,72.5454545454545,72.5454545454545,58.3668341708543,246.057553956835,320.363636363636,28.8181818181818
0.0828828828828829,72.010101010101,72.010101010101,60.0100502512563,244.985611510791,320.525252525253,28.8484848484848
0.082982982982983,71.4747474747475,71.4747474747475,61.6532663316583,243.913669064748,320.686868686869,28.8787878787879
0.0830830830830831,70.9393939393939,70.9393939393939,63.2964824120603,242.841726618705,320.848484848485,28.9090909090909
0.0831831831831832,70.4040404040404,70.4040404040404,64.9396984924623,241.769784172662,321.010101010101,28.9393939393939
0.0832832832832833,69.8686868686869,69.8686868686869,66.5829145728643,240.697841726619,321.171717171717,28.969696969697
0.0833833833833834,69.3333333333333,69.3333333333333,68.2261306532663,239.625899280576,321.333333333333,29
0.0834834834834835,68.7979797979798,68.7979797979798,69.8693467336684,238.553956834532,321.494949494949,29.030303030303
0.0835835835835836,68.2626262626263,68.2626262626263,71.5125628140703,237.482014388489,321.656565656566,29.0606060606061
0.0836836836836837,67.7272727272727,67.7272727272727,73.1557788944724,236.410071942446,321.818181818182,29.0909090909091
0.0837837837837838,67.1919191919192,67.1919191919192,74.7989949748744,235.338129496403,321.979797979798,29.1212121212121
0.0838838838838839,66.6565656565657,66.6565656565657,76.4422110552764,234.26618705036,322.141414141414,29.1515151515152
0.083983983983984,66.1212121212121,66.1212121212121,78.0854271356784,233.194244604317,322.30303030303,29.1818181818182
0.0840840840840841,65.5858585858586,65.5858585858586,79.7286432160804,232.122302158273,322.464646464646,29.2121212121212
0.0841841841841842,65.0505050505051,65.0505050505051,81.3718592964824,231.05035971223,322.626262626263,29.2424242424242
0.0842842842842843,64.5151515151515,64.5151515151515,83.0150753768844,229.978417266187,322.787878787879,29.2727272727273
0.0843843843843844,63.979797979798,63.979797979798,84.6582914572864,228.906474820144,322.949494949495,29.3030303030303
0.0844844844844845,63.4444444444444,63.4444444444444,86.3015075376884,227.834532374101,323.111111111111,29.3333333333333
0.0845845845845846,62.9090909090909,62.9090909090909,87.9447236180904,226.762589928058,323.272727272727,29.3636363636364
0.0846846846846847,62.3737373737374,62.3737373737374,89.5879396984925,225.690647482014,323.434343434343,29.3939393939394
0.0847847847847848,61.8383838383838,61.8383838383838,91.2311557788945,224.618705035971,323.59595959596,29.4242424242424
0.0848848848848849,61.3030303030303,61.3030303030303,92.8743718592965,223.546762589928,323.757575757576,29.4545454545455
0.084984984984985,60.7676767676768,60.7676767676768,94.5175879396985,222.474820143885,323.919191919192,29.4848484848485
0.0850850850850851,60.2323232323232,60.2323232323232,96.1608040201005,221.402877697842,324.080808080808,29.5151515151515
0.0851851851851852,59.6969696969697,59.6969696969697,97.8040201005025,220.330935251799,324.242424242424,29.5454545454545
0.0852852852852853,59.1616161616162,59.1616161616162,99.4472361809045,219.258992805755,324.40404040404,29.5757575757576
0.0853853853853854,58.6262626262626,58.6262626262626,101.090452261307,218.187050359712,324.565656565657,29.6060606060606
0.0854854854854855,58.0909090909091,58.0909090909091,102.733668341709,217.115107913669,324.727272727273,29.6363636363636
0.0855855855855856,57.5555555555556,57.5555555555556,104.376884422111,216.043165467626,324.888888888889,29.6666666666667
0.0856856856856857,57.020202020202,57.020202020202,106.020100502513,214.971223021583,325.050505050505,29.6969696969697
0.0857857857857858,56.4848484848485,56.4848484848485,107.663316582915,213.89928057554,325.212121212121,29.7272727272727
0.0858858858858859,55.9494949494949,55.9494949494949,109.306532663317,212.827338129496,325.373737373737,29.7575757575758
0.085985985985986,55.4141414141414,55.4141414141414,110.949748743719,211.755395683453,325.535353535354,29.7878787878788
0.0860860860860861,54.8787878787879,54.8787878787879,112.592964824121,210.68345323741,325.69696969697,29.8181818181818
0.0861861861861862,54.3434343434343,54.3434343434343,114.236180904523,209.611510791367,325.858585858586,29.8484848484848
0.0862862862862863,53.8080808080808,53.8080808080808,115.879396984925,208.539568345324,326.020202020202,29.8787878787879
0.0863863863863864,53.2727272727273,53.2727272727273,117.522613065327,207.467625899281,326.181818181818,29.9090909090909
0.0864864864864865,52.7373737373737,52.7373737373737,119.165829145729,206.395683453237,326.343434343434,29.9393939393939
0.0865865865865866,52.2020202020202,52.2020202020202,120.809045226131,205.323741007194,326.505050505051,29.969696969697
0.0866866866866867,51.6666666666667,51.6666666666667,122.452261306533,204.251798561151,326.666666666667,30
0.0867867867867868,51.1313131313131,51.1313131313131,124.095477386935,203.179856115108,326.828282828283,30.030303030303
0.0868868868868869,50.5959595959596,50.5959595959596,125.738693467337,202.107913669065,326.989898989899,30.0606060606061
0.086986986986987,50.0606060606061,50.0606060606061,127.381909547739,201.035971223022,327.151515151515,30.0909090909091
0.0870870870870871,49.5252525252525,49.5252525252525,129.025125628141,199.964028776978,327.313131313131,30.1212121212121
0.0871871871871872,48.989898989899,48.989898989899,130.668341708543,198.892086330935,327.474747474747,30.1515151515152
0.0872872872872873,48.4545454545455,48.4545454545455,132.311557788945,197.820143884892,327.636363636364,30.1818181818182
0.0873873873873874,47.9191919191919,47.9191919191919,133.954773869347,196.748201438849,327.79797979798,30.2121212121212
0.0874874874874875,47.3838383838384,47.3838383838384,135.597989949749,195.676258992806,327.959595959596,30.2424242424242
0.0875875875875876,46.8484848484849,46.8484848484849,137.241206030151,194.604316546763,328.121212121212,30.2727272727273
0.0876876876876877,46.3131313131313,46.3131313131313,138.884422110553,193.532374100719,328.282828282828,30.3030303030303
0.0877877877877878,45.7777777777778,45.7777777777778,140.527638190955,192.460431654676,328.444444444444,30.3333333333333
0.0878878878878879,45.2424242424242,45.2424242424242,142.170854271357,191.388489208633,328.606060606061,30.3636363636364
0.087987987987988,44.7070707070707,44.7070707070707,143.814070351759,190.31654676259,328.767676767677,30.3939393939394
0.0880880880880881,44.1717171717172,44.1717171717172,145.457286432161,189.244604316547,328.929292929293,30.4242424242424
0.0881881881881882,43.6363636363636,43.6363636363636,147.100502512563,188.172661870504,329.090909090909,30.4545454545455
0.0882882882882883,43.1010101010101,43.1010101010101,148.743718592965,187.10071942446,329.252525252525,30.4848484848485
0.0883883883883884,42.5656565656566,42.5656565656566,150.386934673367,186.028776978417,329.414141414141,30.5151515151515
0.0884884884884885,42.030303030303,42.030303030303,152.030150753769,184.956834532374,329.575757575758,30.5454545454545
0.0885885885885886,41.4949494949495,41.4949494949495,153.673366834171,183.884892086331,329.737373737374,30.5757575757576
0.0886886886886887,40.959595959596,40.959595959596,155.316582914573,182.812949640288,329.89898989899,30.6060606060606
0.0887887887887888,40.4242424242424,40.4242424242424,156.959798994975,181.741007194245,330.060606060606,30.6363636363636
0.0888888888888889,39.8888888888889,39.8888888888889,158.603015075377,180.669064748201,330.222222222222,30.6666666666667
0.088988988988989,39.3535353535354,39.3535353535354,160.246231155779,179.597122302158,330.383838383838,30.6969696969697
0.0890890890890891,38.8181818181818,38.8181818181818,161.889447236181,178.525179856115,330.545454545455,30.7272727272727
0.0891891891891892,38.2828282828283,38.2828282828283,163.532663316583,177.453237410072,330.707070707071,30.7575757575758
0.0892892892892893,37.7474747474747,37.7474747474747,165.175879396985,176.381294964029,330.868686868687,30.7878787878788
0.0893893893893894,37.2121212121212,37.2121212121212,166.819095477387,175.309352517986,331.030303030303,30.8181818181818
0.0894894894894895,36.6767676767677,36.6767676767677,168.462311557789,174.237410071942,331.191919191919,30.8484848484848
0.0895895895895896,36.1414141414141,36.1414141414141,170.105527638191,173.165467625899,331.353535353535,30.8787878787879
0.0896896896896897,35.6060606060606,35.6060606060606,171.748743718593,172.093525179856,331.515151515152,30.9090909090909
0.0897897897897898,35.0707070707071,35.0707070707071,173.391959798995,171.021582733813,331.676767676768,30.9393939393939
0.0898898898898899,34.5353535353535,34.5353535353535,175.035175879397,169.94964028777,331.838383838384,30.969696969697
0.08998998998999,34,34,176.678391959799,168.877697841727,332,31
0.0900900900900901,34,34,178.321608040201,167.805755395683,332,31
0.0901901901901902,34,34,179.964824120603,166.73381294964,332,31
0.0902902902902903,34,34,181.608040201005,165.661870503597,332,31
0.0903903903903904,34,34,183.251256281407,164.589928057554,332,31
0.0904904904904905,34,34,184.894472361809,163.517985611511,332,31
0.0905905905905906,34,34,186.537688442211,162.446043165468,332,31
0.0906906906906907,34,34,188.180904522613,161.374100719424,332,31
0.0907907907907908,34,34,189.824120603015,160.302158273381,332,31
0.0908908908908909,34,34,191.467336683417,159.230215827338,332,31
0.090990990990991,34,34,193.110552763819,158.158273381295,332,31
0.0910910910910911,34,34,194.753768844221,157.086330935252,332,31
0.0911911911911912,34,34,196.396984924623,156.014388489209,332,31
0.0912912912912913,34,34,198.040201005025,154.942446043165,332,31
0.0913913913913914,34,34,199.683417085427,153.870503597122,332,31
0.0914914914914915,34,34,201.326633165829,152.798561151079,332,31
0.0915915915915916,34,34,202.969849246231,151.726618705036,332,31
0.0916916916916917,34,34,204.613065326633,150.654676258993,332,31
0.0917917917917918,34,34,206.256281407035,149.58273381295,332,31
0.0918918918918919,34,34,207.899497487437,148.510791366906,332,31
0.091991991991992,34,34,209.542713567839,147.438848920863,332,31
0.0920920920920921,34,34,211.185929648241,146.36690647482,332,31
0.0921921921921922,34,34,212.829145728643,145.294964028777,332,31
0.0922922922922923,34,34,214.472361809045,144.223021582734,332,31
0.0923923923923924,34,34,216.115577889447,143.151079136691,332,31
0.0924924924924925,34,34,217.758793969849,142.079136690647,332,31
0.0925925925925926,34,34,219.402010050251,141.007194244604,332,31
0.0926926926926927,34,34,221.045226130653,139.935251798561,332,31
0.0927927927927928,34,34,222.688442211055,138.863309352518,332,31
0.0928928928928929,34,34,224.331658291457,137.791366906475,332,31
0.092992992992993,34,34,225.974874371859,136.719424460432,332,31
0.0930930930930931,34,34,227.618090452261,135.647482014388,332,31
0.0931931931931932,34,34,229.261306532663,134.575539568345,332,31
0.0932932932932933,34,34,230.904522613065,133.503597122302,332,31
0.0933933933933934,34,34,232.547738693467,132.431654676259,332,31
0.0934934934934935,34,34,234.190954773869,131.359712230216,332,31
0.0935935935935936,34,34,235.834170854271,130.287769784173,332,31
0.0936936936936937,34,34,237.477386934673,129.215827338129,332,31
0.0937937937937938,34,34,239.120603015075,128.143884892086,332,31
0.0938938938938939,34,34,240.763819095477,127.071942446043,332,31
0.093993993993994,34,34,242.407035175879,126,332,31
0.0940940940940941,34,34,244.050251256281,126,332,31
0.0941941941941942,34,34,245.693467336683,126,332,31
0.0942942942942943,34,34,247.336683417085,126,332,31
0.0943943943943944,34,34,248.979899497487,126,332,31
0.0944944944944945,34,34,250.623115577889,126,332,31
0.0945945945945946,34,34,252.266331658291,126,332,31
0.0946946946946947,34,34,253.909547738693,126,332,31
0.0947947947947948,34,34,255.552763819095,126,332,31
0.0948948948948949,34,34,257.195979899498,126,332,31
0.094994994994995,34,34,258.8391959799,126,332,31
0.0950950950950951,34,34,260.482412060301,126,332,31
0.0951951951951952,34,34,262.125628140703,126,332,31
0.0952952952952953,34,34,263.768844221105,126,332,31
0.0953953953953954,34,34,265.412060301508,126,332,31
0.0954954954954955,34,34,267.05527638191,126,332,31
0.0955955955955956,34,34,268.698492462312,126,332,31
0.0956956956956957,34,34,270.341708542714,126,332,31
0.0957957957957958,34,34,271.984924623116,126,332,31
0.0958958958958959,34,34,273.628140703518,126,332,31
0.095995995995996,34,34,275.27135678392,126,332,31
0.0960960960960961,34,34,276.914572864322,126,332,31
0.0961961961961962,34,34,278.557788944724,126,332,31
0.0962962962962963,34,34,280.201005025126,126,332,31
0.0963963963963964,34,34,281.844221105528,126,332,31
0.0964964964964965,34,34,283.48743718593,126,332,31
0.0965965965965966,34,34,285.130653266332,126,332,31
0.0966966966966967,34,34,286.773869346734,126,332,31
0.0967967967967968,34,34,288.417085427136,126,332,31
0.0968968968968969,34,34,290.060301507538,126,332,31
0.096996996996997,34,34,291.70351758794,126,332,31
0.0970970970970971,34,34,293.346733668342,126,332,31
0.0971971971971972,34,34,294.989949748744,126,332,31
0.0972972972972973,34,34,296.633165829146,126,332,31
0.0973973973973974,34,34,298.276381909548,126,332,31
0.0974974974974975,34,34,299.91959798995,126,332,31
0.0975975975975976,34,34,301.562814070352,126,332,31
0.0976976976976977,34,34,303.206030150754,126,332,31
0.0977977977977978,34,34,304.849246231156,126,332,31
0.0978978978978979,34,34,306.492462311558,126,332,31
0.097997997997998,34,34,308.13567839196,126,332,31
0.0980980980980981,34,34,309.778894472362,126,332,31
0.0981981981981982,34,34,311.422110552764,126,332,31
0.0982982982982983,34,34,313.065326633166,126,332,31
0.0983983983983984,34,34,314.708542713568,126,332,31
0.0984984984984985,34,34,316.35175879397,126,332,31
0.0985985985985986,34,34,317.994974874372,126,332,31
0.0986986986986987,34,34,319.638190954774,126,332,31
0.0987987987987988,34,34,321.281407035176,126,332,31
0.0988988988988989,34,34,322.924623115578,126,332,31
0.098998998998999,34,34,324.56783919598,126,332,31
0.0990990990990991,34,34,326.211055276382,126,332,31
0.0991991991991992,34,34,327.854271356784,126,332,31
0.0992992992992993,34,34,329.497487437186,126,332,31
0.0993993993993994,34,34,331.140703517588,126,332,31
0.0994994994994995,34,34,332.78391959799,126,332,31
0.0995995995995996,34,34,334.427135678392,126,332,31
0.0996996996996997,34,34,336.070351758794,126,332,31
0.0997997997997998,34,34,337.713567839196,126,332,31
0.0998998998998999,34,34,339.356783919598,126,332,31
0.1,34,34,341,126,332,31
