226.8,0.48,-24,22.08,-6
226.809609585553,0.491979163606293,-24.0419432664954,22.0944199457254,-6.01281278073728
226.819219171106,0.503958327212599,-24.0838865329908,22.1088398914509,-6.02562556147456
226.828828756659,0.515937490818906,-24.1258297994862,22.1232598371764,-6.03843834221184
226.838438342212,0.527916654425198,-24.1677730659815,22.1376797829018,-6.05125112294912
226.848047927765,0.539895818031505,-24.2097163324769,22.1520997286272,-6.06406390368641
226.857657513318,0.551874981637798,-24.2516595989723,22.1665196743527,-6.07687668442367
226.867267098871,0.563854145244118,-24.2936028654677,22.1809396200781,-6.08968946516095
226.876876684424,0.575833308850411,-24.3355461319631,22.1953595658036,-6.10250224589825
226.886486269977,0.587812472456703,-24.3774893984585,22.209779511529,-6.11531502663552
226.89609585553,0.59979163606301,-24.4194326649538,22.2241994572545,-6.12812780737281
226.905705441083,0.611770799669316,-24.4613759314492,22.2386194029799,-6.14094058811009
226.915315026636,0.623749963275609,-24.5033191979446,22.2530393487054,-6.15375336884737
226.924924612188,0.635729126881902,-24.54526246444,22.2674592944308,-6.16656614958464
226.934534197741,0.647708290488222,-24.5872057309354,22.2818792401563,-6.17937893032192
226.944143783294,0.659687454094528,-24.6291489974307,22.2962991858817,-6.1921917110592
226.953753368847,0.671666617700821,-24.6710922639261,22.3107191316072,-6.2050044917965
226.9633629544,0.683645781307114,-24.7130355304215,22.3251390773326,-6.21781727253377
226.972972539953,0.69562494491342,-24.7549787969169,22.3395590230581,-6.23063005327105
226.982582125506,0.707604108519727,-24.7969220634123,22.3539789687836,-6.24344283400833
226.992191711059,0.719583272126019,-24.8388653299077,22.368398914509,-6.25625561474561
227.001801296612,0.731562435732326,-24.8808085964031,22.3828188602344,-6.26906839548288
227.011410882165,0.743541599338619,-24.9227518628984,22.3972388059599,-6.28188117622016
227.021020467718,0.755520762944925,-24.9646951293938,22.4116587516854,-6.29469395695745
227.030630053271,0.767499926551231,-25.0066383958892,22.4260786974108,-6.30750673769472
227.040239638824,0.779479090157524,-25.0485816623846,22.4404986431362,-6.32031951843202
227.049849224377,0.791458253763831,-25.09052492888,22.4549185888617,-6.33313229916928
227.05945880993,0.803437417370124,-25.1324681953754,22.4693385345871,-6.34594507990658
227.069068395483,0.81541658097643,-25.1744114618707,22.4837584803126,-6.35875786064385
227.078677981036,0.827395744582723,-25.2163547283661,22.498178426038,-6.37157064138111
227.088287566589,0.839374908189043,-25.2582979948615,22.5125983717635,-6.38438342211841
227.097897152142,0.851354071795322,-25.3002412613569,22.5270183174889,-6.39719620285569
227.107506737695,0.863333235401642,-25.3421845278523,22.5414382632144,-6.41000898359297
227.117116323248,0.875312399007935,-25.3841277943477,22.5558582089398,-6.42282176433025
227.126725908801,0.887291562614241,-25.4260710608431,22.5702781546653,-6.43563454506753
227.136335494354,0.899270726220548,-25.4680143273384,22.5846981003907,-6.4484473258048
227.145945079907,0.91124988982684,-25.5099575938338,22.5991180461162,-6.46126010654209
227.15555466546,0.923229053433133,-25.5519008603292,22.6135379918416,-6.47407288727938
227.165164251012,0.93520821703944,-25.5938441268246,22.6279579375671,-6.48688566801666
227.174773836565,0.947187380645746,-25.63578739332,22.6423778832925,-6.49969844875392
227.184383422118,0.959166544252039,-25.6777306598153,22.656797829018,-6.51251122949122
227.193993007671,0.971145707858332,-25.7196739263107,22.6712177747434,-6.52532401022849
227.203602593224,0.983124871464652,-25.7616171928061,22.6856377204689,-6.53813679096577
227.213212178777,0.995104035070944,-25.8035604593015,22.7000576661943,-6.55094957170305
227.22282176433,1.00708319867724,-25.8455037257969,22.7144776119198,-6.56376235244032
227.232431349883,1.01906236228353,-25.8874469922923,22.7288975576452,-6.57657513317761
227.242040935436,1.03104152588986,-25.9293902587877,22.7433175033707,-6.58938791391491
227.251650520989,1.04302068949614,-25.971333525283,22.7577374490961,-6.60220069465217
227.261260106542,1.05499985310246,-26.0132767917784,22.7721573948216,-6.61501347538946
227.270869692095,1.06697901670876,-26.0552200582738,22.786577340547,-6.62782625612674
227.280479277648,1.07895818031506,-26.0971633247692,22.8,-6.64063903686402
227.290088863201,1.09093734392135,-26.1391065912646,22.8,-6.6534518176013
227.299698448754,1.10291650752766,-26.18104985776,22.8,-6.66626459833857
227.309308034307,1.11489567113395,-26.2229931242553,22.8,-6.67907737907586
227.31891761986,1.12687483474025,-26.2649363907507,22.8,-6.69189015981313
227.328527205413,1.13885399834657,-26.3068796572461,22.8,-6.70470294055041
227.338136790966,1.15083316195286,-26.3488229237415,22.8,-6.71751572128769
227.347746376519,1.16281232555915,-26.3907661902369,22.8,-6.73032850202497
227.357355962072,1.17479148916547,-26.4327094567322,22.8,-6.74314128276225
227.366965547625,1.18677065277177,-26.4746527232276,22.8,-6.75595406349953
227.376575133178,1.19874981637806,-26.516595989723,22.8,-6.76876684423682
227.386184718731,1.21072897998436,-26.5585392562184,22.8,-6.78157962497408
227.395794304284,1.22270814359067,-26.6004825227138,22.8,-6.79439240571136
227.405403889836,1.23468730719696,-26.6424257892092,22.8,-6.80720518644866
227.415013475389,1.24666647080327,-26.6843690557046,22.8,-6.82001796718594
227.424623060942,1.25864563440958,-26.7263123221999,22.8,-6.83283074792322
227.434232646495,1.27062479801587,-26.7682555886953,22.8,-6.8456435286605
227.443842232048,1.28260396162218,-26.8101988551907,22.8,-6.85845630939778
227.453451817601,1.29458312522847,-26.8521421216861,22.8,-6.87126909013506
227.463061403154,1.30656228883478,-26.8940853881815,22.8,-6.88408187087233
227.472670988707,1.31854145244107,-26.9360286546769,22.8,-6.89689465160961
227.48228057426,1.33052061604737,-26.9779719211722,22.8,-6.9097074323469
227.491890159813,1.34249977965368,-27.0199151876676,22.8,-6.92252021308418
227.501499745366,1.35447894325997,-27.061858454163,22.8,-6.93533299382146
227.511109330919,1.36645810686627,-27.1038017206584,22.8,-6.94814577455874
227.52,1.37843727047259,-27.1457449871538,22.8,-6.96
227.52,1.39041643407888,-27.1876882536492,22.8,-6.96
227.52,1.40239559768517,-27.2296315201445,22.8,-6.96
227.52,1.41437476129149,-27.2715747866399,22.8,-6.96
227.52,1.42635392489779,-27.3135180531353,22.8,-6.96
227.52,1.43833308850409,-27.3554613196307,22.8,-6.96
227.52,1.4503122521104,-27.3974045861261,22.8,-6.96
227.52,1.46229141571669,-27.4393478526215,22.8,-6.96
227.52,1.474270579323,-27.4812911191168,22.8,-6.96
227.52,1.48624974292929,-27.5232343856122,22.8,-6.96
227.52,1.4982289065356,-27.5651776521076,22.8,-6.96
227.52,1.51020807014189,-27.607120918603,22.8,-6.96
227.52,1.5221872337482,-27.6490641850984,22.8,-6.96
227.52,1.53416639735449,-27.6910074515938,22.8,-6.96
227.52,1.54614556096079,-27.7329507180891,22.8,-6.96
227.52,1.55812472456709,-27.7748939845845,22.8,-6.96
227.52,1.57010388817339,-27.8168372510799,22.8,-6.96
227.52,1.5820830517797,-27.8587805175753,22.8,-6.96
227.52,1.59406221538599,-27.9007237840707,22.8,-6.96
227.52,1.60604137899229,-27.9426670505661,22.8,-6.96
227.52,1.61802054259861,-27.9846103170615,22.8,-6.96
227.52,1.6299997062049,-28.0265535835568,22.8,-6.96
227.52,1.64197886981121,-28.0684968500522,22.8,-6.96
227.52,1.65395803341751,-28.1104401165476,22.8,-6.96
227.52,1.6659371970238,-28.152383383043,22.8,-6.96
227.52,1.67791636063011,-28.1943266495384,22.8,-6.96
227.52,1.6898955242364,-28.2362699160337,22.8,-6.96
227.52,1.70187468784271,-28.2782131825291,22.8,-6.96
227.52,1.71385385144902,-28.3201564490245,22.8,-6.96
227.52,1.72583301505531,-28.3620997155199,22.8,-6.96
227.52,1.7378121786616,-28.4040429820153,22.8,-6.96
227.52,1.74979134226791,-28.4459862485107,22.8,-6.96
227.52,1.76177050587421,-28.4879295150061,22.8,-6.96
227.52,1.77374966948051,-28.5298727815014,22.8,-6.96
227.52,1.78572883308681,-28.5718160479968,22.8,-6.96
227.52,1.79770799669312,-28.6137593144922,22.8,-6.96
227.52,1.80968716029943,-28.6557025809876,22.8,-6.96
227.52,1.82166632390572,-28.697645847483,22.8,-6.96
227.52,1.83364548751201,-28.7395891139784,22.8,-6.96
227.52,1.84562465111833,-28.7815323804737,22.8,-6.96
227.52,1.85760381472463,-28.8234756469691,22.8,-6.96
227.52,1.86958297833092,-28.8654189134645,22.8,-6.96
227.52,1.88156214193722,-28.9073621799599,22.8,-6.96
227.52,1.89354130554353,-28.9493054464553,22.8,-6.96
227.52,1.90552046914982,-28.9912487129507,22.8,-6.96
227.52,1.91749963275613,-29.033191979446,22.8,-6.96
227.281023060338,1.92,-29.04,22.9449524699031,-7.06265145817319
226.979007514387,1.92,-29.04,23.1179918186085,-7.19238086313815
226.676991968437,1.92,-29.04,23.2910311673139,-7.32211026810311
226.374976422487,1.92,-29.04,23.4640705160193,-7.45183967306807
226.072960876537,1.92,-29.04,23.6371098647246,-7.58156907803304
225.770945330587,1.92,-29.04,23.81014921343,-7.71129848299799
225.468929784636,1.92,-29.04,23.9831885621354,-7.84102788796297
225.166914238686,1.92,-29.04,24.1562279108408,-7.97075729292793
224.864898692736,1.92,-29.04,24.3292672595462,-8.10048669789289
224.562883146786,1.92,-29.04,24.5023066082516,-8.23021610285785
224.260867600836,1.92,-29.04,24.675345956957,-8.35994550782281
223.958852054886,1.92,-29.04,24.8483853056624,-8.48967491278777
223.656836508935,1.92,-29.04,25.0214246543678,-8.61940431775273
223.354820962985,1.92,-29.04,25.1944640030732,-8.74913372271769
223.052805417035,1.92,-29.04,25.3675033517786,-8.87886312768265
222.750789871085,1.92,-29.04,25.540542700484,-9.00859253264763
222.448774325135,1.92,-29.04,25.7135820491894,-9.13832193761259
222.146758779185,1.92,-29.04,25.8866213978948,-9.26805134257755
221.844743233234,1.92,-29.04,26.0596607466002,-9.39778074754251
221.542727687284,1.92,-29.04,26.2327000953056,-9.52751015250747
221.240712141334,1.92,-29.04,26.405739444011,-9.65723955747243
220.938696595384,1.92,-29.04,26.5787787927164,-9.7869689624374
220.636681049434,1.92,-29.04,26.7518181414218,-9.91669836740236
220.334665503484,1.92,-29.04,26.9248574901272,-10.0464277723673
220.032649957533,1.92,-29.04,27.0978968388326,-10.1761571773323
219.730634411583,1.92,-29.04,27.2709361875379,-10.3058865822973
219.428618865633,1.92,-29.04,27.4439755362433,-10.4356159872622
219.126603319683,1.92,-29.04,27.6170148849487,-10.5653453922272
218.824587773733,1.92,-29.04,27.7900542336541,-10.6950747971921
218.522572227782,1.96674753250694,-29.1335050330433,27.9630935823595,-10.8248042021571
218.220556681832,2.27917910870712,-29.5841738592872,28.1361329310649,-10.9545336071221
217.918541135882,2.59161068490729,-30.0348426855311,28.3091722797703,-11.084263012087
217.616525589932,2.90404226110748,-30.485511511775,28.4822116284757,-11.213992417052
217.314510043982,3.21647383730765,-30.9361803380189,28.6552509771811,-11.3437218220169
217.012494498032,3.52890541350783,-31.3868491642628,28.8282903258865,-11.4734512269819
216.710478952081,3.84133698970799,-31.8375179905067,29.0013296745919,-11.6031806319469
216.408463406131,4.15376856590818,-32.2881868167506,29.1743690232973,-11.7329100369118
216.106447860181,4.46620014210836,-32.7388556429945,29.3474083720027,-11.8626394418768
215.804432314231,4.77863171830852,-33.1895244692384,29.5204477207081,-11.9923688468418
215.502416768281,5.09106329450871,-33.6401932954823,29.6934870694135,-12.1220982518067
215.20040122233,5.40349487070889,-34.0908621217262,29.8665264181189,-12.2518276567717
214.89838567638,5.71592644690905,-34.5415309479701,30.0395657668243,-12.3815570617366
214.59637013043,6.02835802310924,-34.992199774214,30.2126051155296,-12.5112864667016
214.29435458448,6.34078959930942,-35.4428686004579,30.385644464235,-12.6410158716666
213.99233903853,6.65322117550958,-35.8935374267018,30.5586838129405,-12.7707452766315
213.69032349258,6.96565275170976,-36.3442062529457,30.7317231616458,-12.9004746815965
213.388307946629,7.27808432790993,-36.7948750791896,30.9047625103512,-13.0302040865615
213.086292400679,7.59051590411012,-37.2455439054335,31.0778018590566,-13.1599334915264
212.784276854729,7.90294748031029,-37.6962127316774,31.250841207762,-13.2896628964914
212.482261308779,8.21537905651047,-38.1468815579213,31.4238805564674,-13.4193923014563
212.180245762829,8.52781063271064,-38.5975503841652,31.5969199051728,-13.5491217064213
211.878230216879,8.84024220891082,-39.0482192104091,31.7699592538782,-13.6788511113863
211.576214670928,9.15267378511101,-39.498888036653,31.9429986025836,-13.8085805163512
211.274199124978,9.46510536131118,-39.9495568628969,32.116037951289,-13.9383099213162
210.972183579028,9.77753693751135,-40.4002256891408,32.2890772999944,-14.0680393262812
210.670168033078,10.0899685137115,-40.8508945153847,32.4621166486998,-14.1977687312461
210.368152487128,10.4024000899117,-41.3015633416286,32.6351559974052,-14.3274981362111
210.066136941177,10.7148316661119,-41.7522321678725,32.8081953461106,-14.4572275411761
209.764121395227,11.0272632423121,-42.2029009941164,32.981234694816,-14.586956946141
209.462105849277,11.3396948185122,-42.6535698203603,33.1542740435214,-14.716686351106
209.160090303327,11.6521263947124,-43.1042386466042,33.3273133922268,-14.8464157560709
208.858074757377,11.9645579709126,-43.5549074728481,33.5003527409322,-14.9761451610359
208.556059211427,12.2769895471128,-44.005576299092,33.6733920896375,-15.1058745660009
208.254043665476,12.5894211233129,-44.4562451253359,33.8464314383429,-15.2356039709658
207.952028119526,12.9018526995131,-44.9069139515798,34.0194707870483,-15.3653333759308
207.650012573576,13.2142842757133,-45.3575827778237,34.1925101357537,-15.4950627808957
207.347997027626,13.5267158519135,-45.8082516040676,34.3655494844591,-15.6247921858607
207.045981481676,13.8391474281137,-46.2589204303115,34.5385888331645,-15.7545215908257
206.743965935725,14.1515790043138,-46.7095892565554,34.7116281818699,-15.8842509957906
206.441950389775,14.464010580514,-47.1602580827993,34.8846675305753,-16.0139804007556
206.139934843825,14.7764421567142,-47.6109269090432,35.0577068792807,-16.1437098057206
205.837919297875,15.0888737329143,-48.0615957352871,35.2307462279861,-16.2734392106855
205.535903751925,15.4013053091145,-48.512264561531,35.4037855766915,-16.4031686156505
205.233888205975,15.7137368853147,-48.9629333877749,35.5768249253969,-16.5328980206155
204.931872660024,16.0261684615149,-49.4136022140188,35.7498642741023,-16.6626274255804
204.629857114074,16.3386000377151,-49.44,35.9229036228077,-16.7923568305454
204.327841568124,16.6510316139152,-49.44,36.0959429715131,-16.9220862355103
204.025826022174,16.9634631901154,-49.44,36.2689823202185,-17.0518156404753
203.723810476224,17.2758947663156,-49.44,36.4420216689239,-17.1815450454403
203.421794930274,17.5883263425158,-49.44,36.6150610176293,-17.3112744504052
203.119779384323,17.9007579187159,-49.44,36.7881003663347,-17.4410038553702
202.817763838373,18.2131894949161,-49.44,36.9611397150401,-17.5707332603351
202.515748292423,18.5256210711163,-49.44,37.1341790637454,-17.7004626653001
202.213732746473,18.8380526473165,-49.44,37.3072184124508,-17.8301920702651
201.911717200523,19.1504842235166,-49.44,37.4802577611562,-17.95992147523
201.609701654572,19.4629157997168,-49.44,37.6532971098616,-18.089650880195
201.307686108622,19.775347375917,-49.44,37.826336458567,-18.21938028516
201.005670562672,20.0877789521172,-49.44,37.9993758072724,-18.3491096901249
200.703655016722,20.4002105283173,-49.44,38.1724151559778,-18.4788390950899
200.401639470772,20.7126421045175,-49.44,38.3454545046832,-18.6085685000549
200.099623924822,21.0250736807177,-49.44,38.5184938533886,-18.7382979050198
199.797608378871,21.3375052569179,-49.44,38.691533202094,-18.8680273099848
199.495592832921,21.6499368331181,-49.44,38.8645725507994,-18.9977567149497
199.193577286971,21.9623684093182,-49.44,39.0376118995048,-19.1274861199147
198.891561741021,22.2747999855184,-49.44,39.2106512482102,-19.2572155248797
198.589546195071,22.5872315617186,-49.44,39.3836905969156,-19.3869449298446
198.287530649121,22.8996631379187,-49.44,39.556729945621,-19.5166743348096
197.98551510317,23.2120947141189,-49.44,39.7297692943264,-19.6464037397745
197.68349955722,23.5245262903191,-49.44,39.9028086430318,-19.7761331447395
197.38148401127,23.8369578665193,-49.44,40.0758479917371,-19.9058625497045
197.07946846532,24.1493894427195,-49.44,40.2488873404425,-20.0355919546694
196.77745291937,24.4618210189197,-49.44,40.4219266891479,-20.1653213596344
196.475437373419,24.7742525951198,-49.44,40.5949660378533,-20.2950507645994
196.173421827469,25.08668417132,-49.44,40.7680053865587,-20.4247801695643
195.871406281519,25.3991157475202,-49.44,40.9410447352641,-20.5545095745293
195.569390735569,25.7115473237203,-49.44,41.1140840839695,-20.6842389794942
195.267375189619,26.0239788999205,-49.44,41.2871234326749,-20.8139683844592
194.965359643669,26.3364104761207,-49.44,41.4601627813803,-20.9436977894242
194.663344097718,26.6488420523209,-49.44,41.6332021300857,-21.0734271943891
194.361328551768,26.961273628521,-49.44,41.8062414787911,-21.2031565993541
194.059313005818,27.2737052047212,-49.44,41.9792808274965,-21.3328860043191
193.757297459868,27.5861367809214,-49.44,42.1523201762019,-21.462615409284
193.455281913918,27.8985683571216,-49.44,42.3253595249073,-21.592344814249
193.153266367967,28.2109999333218,-49.44,42.4983988736127,-21.7220742192139
192.851250822017,28.5234315095219,-49.44,42.6714382223181,-21.8518036241789
192.549235276067,28.8358630857221,-49.44,42.8444775710235,-21.9815330291439
192.247219730117,29.1482946619223,-49.44,43.0175169197289,-22.1112624341088
191.945204184167,29.4607262381225,-49.44,43.1905562684343,-22.2409918390738
191.643188638217,29.7731578143227,-49.44,43.3635956171397,-22.3707212440388
191.341173092266,30.0855893905228,-49.44,43.536634965845,-22.5004506490037
191.039157546316,30.398020966723,-49.44,43.7096743145504,-22.6301800539687
190.737142000366,30.7104525429232,-49.44,43.8827136632558,-22.7599094589337
190.435126454416,31.0228841191234,-49.44,44.0557530119612,-22.8896388638986
190.133110908466,31.3353156953235,-49.44,44.2287923606666,-23.0193682688636
189.831095362516,31.6477472715237,-49.44,44.401831709372,-23.1490976738285
189.529079816565,31.9601788477239,-49.44,44.5748710580774,-23.2788270787935
189.227064270615,32.272610423924,-49.44,44.7479104067828,-23.4085564837585
188.925048724665,32.5850420001242,-49.44,44.9209497554882,-23.5382858887234
188.623033178715,32.8974735763244,-49.44,45.0939891041936,-23.6680152936884
188.321017632765,33.2099051525246,-49.44,45.267028452899,-23.7977446986533
188.019002086815,33.5223367287248,-49.44,45.4400678016044,-23.9274741036183
187.716986540864,33.8347683049249,-49.44,45.6131071503098,-24.0572035085833
187.414970994914,34.1471998811251,-49.44,45.7861464990152,-24.1869329135482
187.112955448964,34.4596314573253,-49.44,45.9591858477206,-24.3166623185132
186.810939903014,34.7720630335255,-49.44,46.132225196426,-24.4463917234781
186.508924357064,35.0844946097256,-49.44,46.3052645451314,-24.5761211284431
186.206908811113,35.3969261859258,-49.44,46.4783038938368,-24.7058505334081
185.904893265163,35.709357762126,-49.44,46.6513432425422,-24.835579938373
185.602877719213,36.0217893383262,-49.44,46.8243825912475,-24.965309343338
185.300862173263,36.3342209145264,-49.44,46.9974219399529,-25.095038748303
184.998846627313,36.6466524907265,-49.44,47.1704612886584,-25.2247681532679
184.696831081363,36.9590840669267,-49.44,47.3435006373637,-25.3544975582329
184.394815535412,37.2715156431269,-49.44,47.5165399860691,-25.4842269631979
184.092799989462,37.5839472193271,-49.44,47.6895793347745,-25.6139563681628
183.790784443512,37.8963787955272,-49.44,47.8626186834799,-25.7436857731278
183.488768897562,38.2088103717274,-49.44,48.0356580321853,-25.8734151780927
183.186753351612,38.5212419479276,-49.44,48.2086973808907,-26.0031445830577
182.884737805662,38.8336735241278,-49.44,48.3817367295961,-26.1328739880227
182.582722259711,39.1461051003279,-49.44,48.5547760783015,-26.2626033929876
182.280706713761,39.4585366765281,-49.44,48.72,-26.3923327979526
181.978691167811,39.7709682527283,-49.44,48.72,-26.4
181.676675621861,40.0833998289285,-49.44,48.72,-26.4
181.374660075911,40.3958314051286,-49.44,48.72,-26.4
181.07264452996,40.7082629813288,-49.44,48.72,-26.4
180.77062898401,41.020694557529,-49.44,48.72,-26.4
180.46861343806,41.3331261337292,-49.44,48.72,-26.4
180.16659789211,41.6455577099293,-49.44,48.72,-26.4
179.86458234616,41.9579892861295,-49.44,48.72,-26.4
179.56256680021,42.2704208623297,-49.44,48.72,-26.4
179.260551254259,42.5828524385299,-49.44,48.72,-26.4
178.958535708309,42.89528401473,-49.44,48.72,-26.4
178.656520162359,43.2077155909302,-49.44,48.72,-26.4
178.354504616409,43.5201471671304,-49.44,48.72,-26.4
178.052489070459,43.8325787433306,-49.44,48.72,-26.4
177.750473524508,44.1450103195308,-49.44,48.72,-26.4
177.448457978558,44.4574418957309,-49.44,48.72,-26.4
177.146442432608,44.7698734719311,-49.44,48.72,-26.4
176.844426886658,45.0823050481313,-49.44,48.72,-26.4
176.542411340708,45.3947366243315,-49.44,48.72,-26.4
176.240395794758,45.7071682005316,-49.44,48.72,-26.4
175.938380248807,46.0195997767318,-49.44,48.72,-26.4
175.636364702857,46.332031352932,-49.44,48.72,-26.4
175.334349156907,46.6444629291322,-49.44,48.72,-26.4
175.032333610957,46.9568945053324,-49.44,48.72,-26.4
174.730318065007,47.2693260815325,-49.44,48.72,-26.4
174.72,47.28,-49.44,48.72,-26.4
174.72,47.28,-49.44,48.72,-26.4
174.72,47.28,-49.44,48.72,-26.4
174.72,47.28,-49.44,48.72,-26.4
174.72,47.28,-49.44,48.72,-26.4
174.72,47.28,-49.44,48.72,-26.4
174.72,47.28,-49.44,48.72,-26.4
174.72,47.28,-49.44,48.72,-26.4
174.72,47.28,-49.44,48.72,-26.4
174.72,47.28,-49.44,48.72,-26.4
174.72,47.28,-49.44,48.72,-26.4
174.72,47.28,-49.44,48.72,-26.4
174.72,47.28,-49.44,48.72,-26.4
174.72,47.28,-49.44,48.72,-26.4
174.72,47.28,-49.44,48.72,-26.4
174.72,47.28,-49.44,48.72,-26.4
174.72,47.28,-49.44,48.72,-26.4
174.72,47.28,-49.44,48.72,-26.4
174.72,47.28,-49.44,48.72,-26.4
174.72,47.28,-49.44,48.72,-26.4
174.72,47.28,-49.44,48.72,-26.4
174.72,47.28,-49.44,48.72,-26.4
174.72,47.28,-49.44,48.72,-26.4
174.72,47.28,-49.44,48.72,-26.4
174.72,47.28,-49.44,48.72,-26.4
174.72,47.28,-49.44,48.72,-26.4
174.72,47.28,-49.44,48.72,-26.4
174.72,47.28,-49.44,48.72,-26.4
174.72,47.28,-49.44,48.72,-26.4
174.72,47.28,-49.44,48.72,-26.4
174.72,47.28,-49.44,48.72,-26.4
174.72,47.28,-49.44,48.72,-26.4
174.72,47.28,-49.44,48.72,-26.4
174.72,47.28,-49.44,48.72,-26.4
174.72,47.28,-49.44,48.72,-26.4
174.72,47.28,-49.44,48.72,-26.4
174.72,47.28,-49.44,48.72,-26.4
174.72,47.28,-49.44,48.72,-26.4
174.72,47.28,-49.44,48.72,-26.4
174.72,47.28,-49.44,48.72,-26.4
174.72,47.28,-49.44,48.72,-26.4
174.72,47.28,-49.44,48.72,-26.4
174.72,47.28,-49.44,48.72,-26.4
174.72,47.28,-49.44,48.72,-26.4
174.72,47.28,-49.44,48.72,-26.4
174.72,47.28,-49.44,48.72,-26.4
174.72,47.28,-49.44,48.72,-26.4
174.72,47.28,-49.44,48.72,-26.4
174.72,47.28,-49.44,48.72,-26.4
174.72,47.28,-49.44,48.72,-26.4
174.72,47.28,-49.44,48.72,-26.4
174.72,47.28,-49.44,48.72,-26.4
174.72,47.28,-49.44,48.72,-26.4
174.72,47.28,-49.44,48.72,-26.4
174.72,47.28,-49.44,48.72,-26.4
174.72,47.28,-49.44,48.72,-26.4
174.72,47.28,-49.44,48.72,-26.4
174.72,47.28,-49.44,48.72,-26.4
174.72,47.28,-49.44,48.72,-26.4
174.72,47.28,-49.44,48.72,-26.4
174.72,47.28,-49.44,48.72,-26.4
174.72,47.28,-49.44,48.72,-26.4
174.72,47.28,-49.44,48.72,-26.4
174.72,47.28,-49.44,48.72,-26.4
174.72,47.28,-49.44,48.72,-26.4
174.72,47.28,-49.44,48.72,-26.4
174.72,47.28,-49.44,48.72,-26.4
174.72,47.28,-49.44,48.72,-26.4
174.72,47.28,-49.44,48.72,-26.4
174.72,47.28,-49.44,48.72,-26.4
174.72,47.28,-49.44,48.72,-26.4
174.72,47.28,-49.44,48.72,-26.4
174.72,47.28,-49.44,48.72,-26.4
174.72,47.28,-49.44,48.72,-26.4
174.72,47.28,-49.44,48.72,-26.4
174.72,47.28,-49.44,48.72,-26.4
174.679190697713,47.270354164914,-49.3809484509305,48.6938195102648,-26.366610570856
174.57348525663,47.2453692424763,-49.269434203987,48.6443796963489,-26.2801243008794
174.467779815548,47.2203843200386,-49.1579199570435,48.5949398824331,-26.1936380309028
174.362074374465,47.1953993976009,-49.0464057101001,48.5455000685173,-26.1071517609261
174.256368933383,47.1704144751632,-48.9348914631566,48.4960602546014,-26.0206654909495
174.1506634923,47.1454295527255,-48.8233772162131,48.4466204406856,-25.9341792209728
174.044958051218,47.1204446302878,-48.7118629692696,48.3971806267698,-25.8476929509962
173.939252610135,47.0954597078501,-48.6003487223261,48.3477408128539,-25.7612066810196
173.833547169052,47.0704747854124,-48.4888344753827,48.2983009989381,-25.6747204110429
173.72784172797,47.0454898629747,-48.3773202284392,48.2488611850223,-25.5882341410663
173.622136286887,47.020504940537,-48.2658059814957,48.1994213711065,-25.5017478710896
173.516430845805,46.9955200180993,-48.1542917345522,48.1499815571906,-25.415261601113
173.410725404722,46.9705350956616,-48.0427774876088,48.1005417432748,-25.3287753311363
173.30501996364,46.9455501732239,-47.9312632406653,48.051101929359,-25.2422890611597
173.199314522557,46.9205652507862,-47.8197489937218,48.0016621154432,-25.1558027911831
173.093609081475,46.8955803283485,-47.7082347467783,47.9522223015273,-25.0693165212064
172.987903640392,46.8705954059108,-47.5967204998349,47.9027824876115,-24.9828302512298
172.882198199309,46.8456104834731,-47.4852062528914,47.8533426736957,-24.8963439812531
172.776492758227,46.8206255610354,-47.3736920059479,47.8039028597799,-24.8098577112765
172.670787317144,46.7956406385977,-47.2621777590044,47.754463045864,-24.7233714412998
172.565081876062,46.77065571616,-47.150663512061,47.7050232319482,-24.6368851713232
172.459376434979,46.7456707937223,-47.0391492651175,47.6555834180324,-24.5503989013466
172.353670993897,46.7206858712846,-46.927635018174,47.6061436041166,-24.4639126313699
172.247965552814,46.6957009488469,-46.8161207712305,47.5567037902007,-24.3774263613933
172.142260111731,46.6707160264092,-46.704606524287,47.5072639762849,-24.2909400914166
172.036554670649,46.6457311039716,-46.5930922773436,47.4578241623691,-24.20445382144
171.930849229566,46.6207461815338,-46.4815780304001,47.4083843484532,-24.1179675514634
171.825143788484,46.5957612590962,-46.3700637834566,47.3589445345374,-24.0314812814867
171.719438347401,46.5707763366585,-46.2585495365131,47.3095047206216,-23.9449950115101
171.613732906319,46.5457914142208,-46.1470352895697,47.2600649067058,-23.8585087415334
171.508027465236,46.5208064917831,-46.0355210426262,47.2106250927899,-23.7720224715568
171.402322024154,46.4958215693454,-45.9240067956827,47.1611852788741,-23.6855362015801
171.296616583071,46.4708366469077,-45.8124925487392,47.1117454649583,-23.5990499316035
171.190911141988,46.44585172447,-45.7009783017958,47.0623056510424,-23.5125636616269
171.085205700906,46.4208668020323,-45.5894640548523,47.0128658371266,-23.4260773916502
170.979500259823,46.3958818795946,-45.4779498079088,46.9634260232108,-23.3395911216736
170.873794818741,46.3708969571569,-45.3664355609653,46.913986209295,-23.2531048516969
170.768089377658,46.3459120347192,-45.2549213140218,46.8645463953792,-23.1666185817203
170.662383936576,46.3209271122815,-45.1434070670784,46.8151065814633,-23.0801323117437
170.556678495493,46.2959421898438,-45.0318928201349,46.7656667675475,-22.993646041767
170.45097305441,46.2709572674061,-44.9203785731914,46.7162269536317,-22.9071597717904
170.345267613328,46.2459723449684,-44.8088643262479,46.6667871397158,-22.8206735018137
170.239562172245,46.2209874225307,-44.6973500793045,46.6173473258,-22.7341872318371
170.133856731163,46.196002500093,-44.585835832361,46.5679075118842,-22.6477009618604
170.02815129008,46.1710175776553,-44.4743215854175,46.5184676979684,-22.5612146918838
169.922445848998,46.1460326552176,-44.362807338474,46.4690278840525,-22.4747284219072
169.816740407915,46.1210477327799,-44.2512930915306,46.4195880701367,-22.3882421519305
169.711034966833,46.0960628103422,-44.1397788445871,46.3701482562209,-22.3017558819539
169.60532952575,46.0710778879045,-44.0282645976436,46.320708442305,-22.2152696119772
169.499624084667,46.0460929654668,-43.9167503507001,46.2712686283892,-22.1287833420006
169.393918643585,46.0211080430291,-43.8052361037566,46.2218288144734,-22.042297072024
169.288213202502,45.9961231205914,-43.6937218568132,46.1723890005576,-21.9558108020473
169.18250776142,45.9711381981538,-43.5822076098697,46.1229491866417,-21.8693245320707
169.076802320337,45.946153275716,-43.4706933629262,46.0735093727259,-21.782838262094
168.971096879255,45.9211683532784,-43.3591791159827,46.0240695588101,-21.6963519921174
168.865391438172,45.8961834308407,-43.2476648690393,45.9746297448943,-21.6098657221408
168.759685997089,45.871198508403,-43.1361506220958,45.9251899309784,-21.5233794521641
168.653980556007,45.8462135859653,-43.0246363751523,45.8757501170626,-21.4368931821875
168.548275114924,45.8212286635276,-42.9131221282088,45.8263103031468,-21.3504069122108
168.442569673842,45.7962437410899,-42.8016078812654,45.7768704892309,-21.2639206422342
168.336864232759,45.7712588186522,-42.6900936343219,45.7274306753151,-21.1774343722575
168.231158791677,45.7462738962145,-42.5785793873784,45.6779908613993,-21.0909481022809
168.125453350594,45.7212889737768,-42.4670651404349,45.6285510474835,-21.0044618323043
168.019747909512,45.6963040513391,-42.3555508934914,45.5791112335676,-20.9179755623276
167.914042468429,45.6713191289014,-42.244036646548,45.5296714196518,-20.831489292351
167.808337027346,45.6463342064637,-42.1325223996045,45.480231605736,-20.7450030223743
167.702631586264,45.621349284026,-42.021008152661,45.4307917918202,-20.6585167523977
167.596926145181,45.5963643615883,-41.9094939057175,45.3813519779043,-20.572030482421
167.491220704099,45.5713794391506,-41.7979796587741,45.3319121639885,-20.4855442124444
167.385515263016,45.5463945167129,-41.6864654118306,45.2824723500727,-20.3990579424678
167.279809821934,45.5214095942752,-41.5749511648871,45.2330325361568,-20.3125716724911
167.174104380851,45.4964246718375,-41.4634369179436,45.183592722241,-20.2260854025145
167.068398939768,45.4714397493998,-41.3519226710002,45.1341529083252,-20.1395991325378
166.962693498686,45.4464548269621,-41.2404084240567,45.0847130944094,-20.0531128625612
166.856988057603,45.4214699045244,-41.1288941771132,45.0352732804935,-19.9666265925846
166.751282616521,45.3964849820867,-41.0173799301697,44.9858334665777,-19.8801403226079
166.645577175438,45.371500059649,-40.9058656832263,44.9363936526619,-19.7936540526313
166.539871734356,45.3465151372113,-40.7943514362828,44.8869538387461,-19.7071677826546
166.434166293273,45.3215302147736,-40.6828371893393,44.8375140248302,-19.620681512678
166.328460852191,45.2965452923359,-40.5713229423958,44.7880742109144,-19.5341952427014
166.222755411108,45.2715603698982,-40.4598086954523,44.7386343969986,-19.4477089727247
166.117049970025,45.2465754474606,-40.3482944485089,44.6891945830828,-19.3612227027481
166.011344528943,45.2215905250228,-40.2367802015654,44.6397547691669,-19.2747364327714
165.90563908786,45.1966056025852,-40.1252659546219,44.5903149552511,-19.1882501627948
165.799933646778,45.1716206801475,-40.0137517076784,44.5408751413353,-19.1017638928181
165.694228205695,45.1466357577098,-39.902237460735,44.4914353274194,-19.0152776228415
165.588522764613,45.1216508352721,-39.7907232137915,44.4419955135036,-18.9287913528649
165.48281732353,45.0966659128344,-39.679208966848,44.3925556995878,-18.8423050828882
165.377111882447,45.0716809903967,-39.5676947199045,44.343115885672,-18.7558188129116
165.271406441365,45.046696067959,-39.4561804729611,44.2936760717561,-18.6693325429349
165.165701000282,45.0217111455213,-39.3446662260176,44.2442362578403,-18.5828462729583
165.0599955592,44.9967262230836,-39.2331519790741,44.1947964439245,-18.4963600029816
164.954290118117,44.9717413006459,-39.1216377321306,44.1453566300086,-18.409873733005
164.848584677035,44.9467563782082,-39.0101234851872,44.0959168160928,-18.3233874630284
164.742879235952,44.9217714557705,-38.8986092382437,44.046477002177,-18.2369011930517
164.63717379487,44.8967865333328,-38.7870949913002,43.9970371882612,-18.1504149230751
164.531468353787,44.8718016108951,-38.6755807443567,43.9475973743453,-18.0639286530984
164.425762912704,44.8468166884574,-38.5640664974133,43.8981575604295,-17.9774423831218
164.320057471622,44.8218317660197,-38.4525522504698,43.8487177465137,-17.8909561131452
164.214352030539,44.796846843582,-38.3410380035263,43.7992779325979,-17.8044698431685
164.108646589457,44.7718619211443,-38.2295237565828,43.749838118682,-17.7179835731919
164.002941148374,44.7468769987066,-38.1180095096393,43.7003983047662,-17.6314973032152
163.897235707292,44.7218920762689,-38.0064952626959,43.6509584908504,-17.5450110332386
163.791530266209,44.6969071538312,-37.8949810157524,43.6015186769346,-17.4585247632619
163.685824825126,44.6719222313935,-37.7834667688089,43.5520788630187,-17.3720384932853
163.580119384044,44.6469373089558,-37.6719525218654,43.5026390491029,-17.2855522233087
163.474413942961,44.6219523865181,-37.560438274922,43.4531992351871,-17.199065953332
163.368708501879,44.5969674640804,-37.4489240279785,43.4037594212712,-17.1125796833554
163.263003060796,44.5719825416427,-37.337409781035,43.3543196073554,-17.0260934133787
163.157297619714,44.546997619205,-37.2258955340915,43.3048797934396,-16.9396071434021
163.051592178631,44.5220126967674,-37.1143812871481,43.2554399795238,-16.8531208734255
162.945886737549,44.4970277743297,-37.0028670402046,43.2060001656079,-16.7666346034488
162.840181296466,44.472042851892,-36.8913527932611,43.1565603516921,-16.6801483334722
162.734475855383,44.4470579294543,-36.7798385463176,43.1071205377763,-16.5936620634955
162.628770414301,44.4220730070166,-36.6683242993741,43.0576807238605,-16.5071757935189
162.523064973218,44.3970880845789,-36.5568100524307,43.0082409099446,-16.4206895235423
162.417359532136,44.3721031621412,-36.4452958054872,42.9588010960288,-16.3342032535656
162.311654091053,44.3471182397035,-36.3337815585437,42.909361282113,-16.247716983589
162.205948649971,44.3221333172658,-36.2222673116002,42.8599214681972,-16.1612307136123
162.100243208888,44.2971483948281,-36.1107530646568,42.8104816542813,-16.0747444436357
161.994537767805,44.2721634723904,-35.9992388177133,42.7610418403655,-15.988258173659
161.888832326723,44.2471785499527,-35.8877245707698,42.7116020264497,-15.9017719036824
161.78312688564,44.222193627515,-35.7762103238263,42.6621622125338,-15.8152856337058
161.677421444558,44.1972087050773,-35.6646960768828,42.612722398618,-15.7287993637291
161.571716003475,44.1722237826396,-35.5531818299394,42.5632825847022,-15.6423130937525
161.52,44.16,-35.52,42.5138427707864,-15.5558268237758
161.52,44.16,-35.52,42.4644029568705,-15.4693405537992
161.52,44.16,-35.52,42.4149631429547,-15.3828542838226
161.52,44.16,-35.52,42.3655233290389,-15.2963680138459
161.52,44.16,-35.52,42.316083515123,-15.2098817438693
161.52,44.16,-35.52,42.2666437012072,-15.1233954738926
161.52,44.16,-35.52,42.2172038872914,-15.036909203916
161.52,44.16,-35.52,42.1677640733756,-14.9504229339393
161.52,44.16,-35.52,42.1183242594597,-14.8639366639627
161.52,44.16,-35.52,42.0688844455439,-14.7774503939861
161.52,44.16,-35.52,42.0194446316281,-14.6909641240094
161.52,44.16,-35.52,41.9700048177123,-14.6044778540328
161.52,44.16,-35.52,41.9205650037964,-14.5179915840561
161.52,44.16,-35.52,41.8711251898806,-14.4315053140795
161.52,44.16,-35.52,41.8216853759648,-14.3450190441029
161.52,44.16,-35.52,41.772245562049,-14.2585327741262
161.52,44.16,-35.52,41.7228057481331,-14.1720465041496
161.52,44.16,-35.52,41.6733659342173,-14.0855602341729
161.52,44.16,-35.52,41.6239261203015,-13.9990739641963
161.52,44.16,-35.52,41.5744863063856,-13.9125876942196
161.52,44.16,-35.52,41.5250464924698,-13.826101424243
161.52,44.16,-35.52,41.475606678554,-13.7396151542664
161.52,44.16,-35.52,41.4261668646382,-13.6531288842897
161.52,44.16,-35.52,41.3767270507223,-13.5666426143131
161.52,44.16,-35.52,41.3272872368065,-13.4801563443364
161.52,44.16,-35.52,41.2778474228907,-13.44
161.52,44.16,-35.52,41.2284076089749,-13.44
161.52,44.16,-35.52,41.178967795059,-13.44
161.52,44.16,-35.52,41.1295279811432,-13.44
161.52,44.16,-35.52,41.0800881672274,-13.44
161.52,44.16,-35.52,41.0306483533116,-13.44
161.52,44.16,-35.52,40.9812085393957,-13.44
161.52,44.16,-35.52,40.9317687254799,-13.44
161.52,44.16,-35.52,40.8823289115641,-13.44
161.52,44.16,-35.52,40.8328890976482,-13.44
161.52,44.16,-35.52,40.7834492837324,-13.44
161.52,44.16,-35.52,40.7340094698166,-13.44
161.52,44.16,-35.52,40.6845696559008,-13.44
161.52,44.16,-35.52,40.6351298419849,-13.44
161.52,44.16,-35.52,40.5856900280691,-13.44
161.52,44.16,-35.52,40.5362502141533,-13.44
161.52,44.16,-35.52,40.4868104002375,-13.44
161.52,44.16,-35.52,40.4373705863216,-13.44
161.52,44.16,-35.52,40.3879307724058,-13.44
161.52,44.16,-35.52,40.33849095849,-13.44
161.52,44.16,-35.52,40.2890511445741,-13.44
161.52,44.16,-35.52,40.2396113306583,-13.44
161.52,44.16,-35.52,40.1901715167425,-13.44
161.52,44.16,-35.52,40.1407317028267,-13.44
161.52,44.16,-35.52,40.0912918889108,-13.44
161.52,44.16,-35.52,40.08,-13.44
161.52,44.16,-35.52,40.08,-13.44
161.52,44.16,-35.52,40.08,-13.44
161.52,44.16,-35.52,40.08,-13.44
161.52,44.16,-35.52,40.08,-13.44
161.52,44.16,-35.52,40.08,-13.44
161.52,44.16,-35.52,40.08,-13.44
161.52,44.16,-35.52,40.08,-13.44
161.52,44.16,-35.52,40.08,-13.44
161.52,44.16,-35.52,40.08,-13.44
161.52,44.16,-35.52,40.08,-13.44
161.52,44.16,-35.52,40.08,-13.44
161.52,44.16,-35.52,40.08,-13.44
161.52,44.16,-35.52,40.08,-13.44
161.52,44.16,-35.52,40.08,-13.44
161.52,44.16,-35.52,40.08,-13.44
161.52,44.16,-35.52,40.08,-13.44
161.52,44.16,-35.52,40.08,-13.44
161.52,44.16,-35.52,40.08,-13.44
161.52,44.16,-35.52,40.08,-13.44
161.52,44.16,-35.52,40.08,-13.44
161.52,44.16,-35.52,40.08,-13.44
161.52,44.16,-35.52,40.08,-13.44
161.52,44.16,-35.52,40.08,-13.44
161.52,44.16,-35.52,40.08,-13.44
161.52,44.16,-35.52,40.08,-13.44
161.52,44.16,-35.52,40.08,-13.44
161.52,44.16,-35.52,40.08,-13.44
161.52,44.16,-35.52,40.08,-13.44
161.52,44.16,-35.52,40.08,-13.44
161.52,44.16,-35.52,40.08,-13.44
161.52,44.16,-35.52,40.08,-13.44
161.52,44.16,-35.52,40.08,-13.44
161.52,44.16,-35.52,40.08,-13.44
161.52,44.16,-35.52,40.08,-13.44
161.52,44.16,-35.52,40.08,-13.44
161.52,44.16,-35.52,40.08,-13.44
161.52,44.16,-35.52,40.08,-13.44
161.52,44.16,-35.52,40.08,-13.44
161.52,44.16,-35.52,40.08,-13.44
161.52,44.16,-35.52,40.08,-13.44
161.52,44.16,-35.52,40.08,-13.44
161.52,44.16,-35.52,40.08,-13.44
161.52,44.16,-35.52,40.08,-13.44
161.52,44.16,-35.52,40.08,-13.44
161.52,44.16,-35.52,40.08,-13.44
161.52,44.16,-35.52,40.08,-13.44
161.52,44.16,-35.52,40.08,-13.44
161.52,44.16,-35.52,40.08,-13.44
161.52,44.16,-35.52,40.08,-13.44
161.52,44.16,-35.52,40.08,-13.44
161.52,44.16,-35.52,40.08,-13.44
161.52,44.16,-35.52,40.08,-13.44
161.52,44.16,-35.52,40.08,-13.44
161.52,44.16,-35.52,40.08,-13.44
161.52,44.16,-35.52,40.08,-13.44
161.52,44.16,-35.52,40.08,-13.44
161.52,44.16,-35.52,40.08,-13.44
161.52,44.16,-35.52,40.08,-13.44
161.52,44.16,-35.52,40.08,-13.44
161.52,44.16,-35.52,40.08,-13.44
161.52,44.16,-35.52,40.08,-13.44
161.52,44.16,-35.52,40.08,-13.44
161.52,44.16,-35.52,40.08,-13.44
161.52,44.16,-35.52,40.08,-13.44
161.52,44.16,-35.52,40.08,-13.44
161.52,44.16,-35.52,40.08,-13.44
161.52,44.16,-35.52,40.08,-13.44
161.52,44.16,-35.52,40.08,-13.44
161.52,44.16,-35.52,40.08,-13.44
161.52,44.16,-35.52,40.08,-13.44
161.52,44.16,-35.52,40.08,-13.44
161.52,44.16,-35.52,40.08,-13.44
161.52,44.16,-35.52,40.08,-13.44
161.52,44.16,-35.52,40.08,-13.44
161.52,44.16,-35.52,40.08,-13.44
161.519141443575,44.1403408100287,-35.5188513094731,40.085360555792,-13.4442314566649
161.496719077285,43.6269143819134,-35.5147313249802,40.1045871500926,-13.554741690524
161.474296710995,43.113487953798,-35.5106113404872,40.1238137443932,-13.665251924383
161.451874344705,42.6000615256828,-35.5064913559942,40.1430403386938,-13.7757621582421
161.429451978414,42.0866350975675,-35.5023713715012,40.1622669329944,-13.8862723921011
161.407029612124,41.5732086694522,-35.4982513870082,40.181493527295,-13.9967826259601
161.384607245834,41.0597822413369,-35.4941314025152,40.2007201215956,-14.1072928598192
161.362184879544,40.5463558132216,-35.4900114180222,40.2199467158962,-14.2178030936782
161.339762513253,40.0329293851063,-35.4858914335293,40.2391733101968,-14.3283133275373
161.317340146963,39.519502956991,-35.4817714490363,40.2583999044974,-14.4388235613963
161.294917780673,39.0060765288757,-35.4776514645433,40.277626498798,-14.5493337952554
161.272495414383,38.4926501007604,-35.4735314800503,40.2968530930986,-14.6598440291144
161.250073048092,37.9792236726451,-35.4694114955573,40.3160796873992,-14.7703542629735
161.227650681802,37.4657972445298,-35.4652915110643,40.3353062816998,-14.8808644968325
161.205228315512,36.9523708164145,-35.4611715265713,40.3545328760004,-14.9913747306915
161.182805949222,36.4389443882992,-35.4570515420784,40.373759470301,-15.1018849645506
161.160383582931,35.9255179601839,-35.4529315575854,40.3929860646016,-15.2123951984096
161.137961216641,35.4120915320686,-35.4488115730924,40.4122126589022,-15.3229054322687
161.115538850351,34.8986651039532,-35.4446915885994,40.4314392532028,-15.4334156661277
161.093116484061,34.385238675838,-35.4405716041064,40.4506658475034,-15.5439258999867
161.07069411777,33.8718122477227,-35.4364516196134,40.469892441804,-15.6544361338458
161.04827175148,33.3583858196074,-35.4323316351205,40.4891190361046,-15.7649463677048
161.02584938519,32.844959391492,-35.4282116506275,40.5083456304052,-15.8754566015639
161.0034270189,32.3315329633768,-35.4240916661345,40.5275722247058,-15.9859668354229
160.981004652609,31.8181065352615,-35.4199716816415,40.5467988190064,-16.0964770692819
160.958582286319,31.3046801071461,-35.4158516971485,40.566025413307,-16.206987303141
160.936159920029,30.7912536790308,-35.4117317126555,40.5852520076076,-16.3174975370001
160.913737553739,30.2778272509156,-35.4076117281625,40.6044786019082,-16.4280077708591
160.891315187448,29.7644008228003,-35.4034917436695,40.6237051962088,-16.5385180047181
160.868892821158,29.2509743946849,-35.3993717591766,40.6429317905094,-16.6490282385772
160.846470454868,28.7375479665696,-35.3952517746836,40.66215838481,-16.7595384724362
160.824048088578,28.2241215384544,-35.3911317901906,40.6813849791106,-16.8700487062953
160.801625722288,27.7106951103391,-35.3870118056976,40.7006115734112,-16.9805589401543
160.779203355997,27.1972686822237,-35.3828918212046,40.7198381677118,-17.0910691740133
160.756780989707,26.6838422541084,-35.3787718367116,40.7390647620124,-17.2015794078724
160.734358623417,26.1704158259932,-35.3746518522186,40.758291356313,-17.3120896417314
160.711936257127,25.6569893978779,-35.3705318677257,40.7775179506136,-17.4225998755904
160.689513890836,25.1435629697625,-35.3664118832327,40.7967445449142,-17.5331101094495
160.667091524546,24.6301365416472,-35.3622918987397,40.8159711392148,-17.6436203433086
160.644669158256,24.116710113532,-35.3581719142467,40.8351977335154,-17.7541305771676
160.622246791966,23.6032836854166,-35.3540519297537,40.854424327816,-17.8646408110266
160.599824425675,23.0898572573013,-35.3499319452607,40.8736509221166,-17.9751510448857
160.577402059385,22.576430829186,-35.3458119607678,40.8928775164172,-18.0856612787447
160.554979693095,22.0630044010708,-35.3416919762748,40.9121041107178,-18.1961715126038
160.532557326805,21.5495779729554,-35.3375719917818,40.9313307050184,-18.3066817464628
160.510134960514,21.0361515448401,-35.3334520072888,40.950557299319,-18.4171919803218
160.487712594224,20.5227251167248,-35.3293320227958,40.9697838936196,-18.5277022141809
160.465290227934,20.0092986886096,-35.3252120383028,40.9890104879202,-18.6382124480399
160.442867861644,19.4958722604942,-35.3210920538098,41.0082370822208,-18.748722681899
160.420445495353,18.9824458323789,-35.3169720693168,41.0274636765214,-18.859232915758
160.398023129063,18.4690194042636,-35.3128520848239,41.046690270822,-18.9697431496171
160.375600762773,17.9555929761483,-35.3087321003309,41.0659168651226,-19.0802533834761
160.353178396483,17.442166548033,-35.3046121158379,41.0851434594232,-19.1907636173351
160.330756030192,16.9287401199177,-35.3004921313449,41.1043700537238,-19.3012738511942
160.308333663902,16.4153136918024,-35.2963721468519,41.1235966480244,-19.4117840850532
160.285911297612,15.9018872636871,-35.2922521623589,41.142823242325,-19.5222943189123
160.263488931322,15.3884608355718,-35.2881321778659,41.1620498366256,-19.6328045527713
160.241066565032,14.8750344074565,-35.284012193373,41.1812764309262,-19.7433147866304
160.218644198741,14.3616079793412,-35.27989220888,41.2005030252268,-19.8538250204894
160.196221832451,13.8481815512259,-35.275772224387,41.2197296195273,-19.9643352543484
160.173799466161,13.3347551231106,-35.271652239894,41.238956213828,-20.0748454882075
160.151377099871,12.8213286949953,-35.267532255401,41.2581828081286,-20.1853557220665
160.12895473358,12.30790226688,-35.263412270908,41.2774094024292,-20.2958659559256
160.10653236729,11.7944758387647,-35.2592922864151,41.2966359967298,-20.4063761897846
160.084110001,11.2810494106494,-35.2551723019221,41.3158625910304,-20.5168864236437
160.06168763471,10.7676229825341,-35.2510523174291,41.335089185331,-20.6273966575027
160.039265268419,10.2541965544188,-35.2469323329361,41.3543157796316,-20.7379068913617
160.016842902129,9.74077012630352,-35.2428123484431,41.3735423739321,-20.8484171252208
159.994420535839,9.22734369818821,-35.2386923639501,41.3927689682328,-20.9589273590798
159.971998169549,8.71391727007288,-35.2345723794571,41.4119955625334,-21.0694375929389
159.949575803258,8.20049084195757,-35.2304523949642,41.4312221568339,-21.1799478267979
159.927153436968,7.68706441384232,-35.2263324104712,41.4504487511346,-21.2904580606569
159.904731070678,7.17363798572701,-35.2222124259782,41.4696753454352,-21.400968294516
159.882308704388,6.66021155761169,-35.2180924414852,41.4889019397357,-21.511478528375
159.859886338097,6.14678512949638,-35.2139724569922,41.5081285340363,-21.6219887622341
159.84,5.63335870138111,-35.2098524724992,41.5273551283369,-21.7324989960931
159.84,5.1199322732658,-35.2057324880062,41.5465817226375,-21.8430092299522
159.84,4.6065058451505,-35.2016125035132,41.5658083169382,-21.9535194638112
159.84,4.09307941703519,-35.1974925190203,41.5850349112388,-22.0640296976702
159.84,3.57965298891991,-35.1933725345273,41.6042615055394,-22.1745399315293
159.84,3.0662265608046,-35.1892525500343,41.62348809984,-22.2850501653883
159.84,2.55280013268926,-35.1851325655413,41.6427146941406,-22.3955603992474
159.84,2.03937370457395,-35.1810125810483,41.6619412884412,-22.5060706331064
159.84,1.5259472764587,-35.1768925965553,41.6811678827417,-22.6165808669654
159.84,1.01252084834338,-35.1727726120623,41.7003944770424,-22.7270911008245
159.84,0.499094420228071,-35.1686526275694,41.7196210713429,-22.8376013346835
159.84,-0.0143320078872512,-35.1645326430764,41.7388476656435,-22.9481115685426
159.84,-0.527758436002505,-35.1604126585834,41.7580742599442,-23.0586218024016
159.84,-1.04118486411781,-35.1562926740904,41.7773008542447,-23.1691320362607
159.84,-1.55461129223312,-35.1521726895974,41.7965274485453,-23.2796422701197
159.84,-2.06803772034846,-35.1480527051044,41.815754042846,-23.3901525039788
159.84,-2.5814641484637,-35.1439327206114,41.8349806371465,-23.5006627378378
159.84,-3.09489057657902,-35.1398127361185,41.8542072314471,-23.6111729716968
159.84,-3.60831700469433,-35.1356927516255,41.8734338257478,-23.7216832055559
159.84,-4.12174343280966,-35.1315727671325,41.8926604200483,-23.8321934394149
159.84,-4.63516986092492,-35.1274527826395,41.9118870143489,-23.942703673274
159.84,-5.14859628904022,-35.1233327981465,41.9311136086495,-24.053213907133
159.84,-5.66202271715553,-35.1192128136535,41.9503402029501,-24.163724140992
159.84,-6.17544914527084,-35.1150928291605,41.9695667972507,-24.2742343748511
159.84,-6.68887557338612,-35.1109728446676,41.9887933915513,-24.3847446087101
159.84,-7.20230200150143,-35.1068528601746,42.0080199858519,-24.48
159.84,-7.71572842961674,-35.1027328756816,42.0272465801525,-24.48
159.84,-8.22915485773205,-35.0986128911886,42.0464731744531,-24.48
159.84,-8.7425812858473,-35.0944929066956,42.0656997687537,-24.48
159.84,-9.25600771396264,-35.0903729222026,42.0849263630543,-24.48
159.84,-9.76943414207794,-35.0862529377097,42.1041529573549,-24.48
159.84,-10.2828605701933,-35.0821329532167,42.1233795516555,-24.48
159.84,-10.7962869983085,-35.0780129687237,42.1426061459561,-24.48
159.84,-11.3097134264238,-35.0738929842307,42.1618327402567,-24.48
159.84,-11.8231398545391,-35.0697729997377,42.1810593345573,-24.48
159.84,-12.3365662826545,-35.0656530152447,42.2002859288579,-24.48
159.84,-12.8499927107697,-35.0615330307517,42.2195125231585,-24.48
159.84,-13.363419138885,-35.0574130462588,42.2387391174591,-24.48
159.84,-13.8768455670004,-35.0532930617658,42.2579657117597,-24.48
159.84,-14.3902719951157,-35.0491730772728,42.2771923060603,-24.48
159.84,-14.9036984232309,-35.0450530927798,42.2964189003609,-24.48
159.84,-15.4171248513463,-35.0409331082868,42.3156454946615,-24.48
159.84,-15.9305512794616,-35.0368131237938,42.3348720889621,-24.48
159.84,-16.4439777075769,-35.0326931393008,42.3540986832627,-24.48
159.84,-16.9574041356921,-35.0285731548079,42.3733252775633,-24.48
159.84,-17.4708305638075,-35.0244531703149,42.3925518718639,-24.48
159.84,-17.9842569919228,-35.0203331858219,42.4117784661645,-24.48
159.84,-18.4976834200381,-35.0162132013289,42.4310050604651,-24.48
159.84,-19.0111098481534,-35.0120932168359,42.4502316547657,-24.48
159.84,-19.5245362762687,-35.0079732323429,42.4694582490663,-24.48
159.84,-20.037962704384,-35.0038532478499,42.4886848433669,-24.48
159.84,-20.5513891324993,-34.999733263357,42.5079114376675,-24.48
159.84,-21.0648155606146,-34.995613278864,42.5271380319681,-24.48
159.84,-21.5782419887299,-34.991493294371,42.5463646262687,-24.48
159.84,-22.0916684168452,-34.987373309878,42.5655912205693,-24.48
159.84,-22.6050948449605,-34.983253325385,42.5848178148699,-24.48
159.84,-23.1185212730758,-34.979133340892,42.6040444091705,-24.48
159.84,-23.6319477011911,-34.975013356399,42.6232710034711,-24.48
159.84,-24.1453741293064,-34.9708933719061,42.6424975977717,-24.48
159.84,-24.6588005574217,-34.9667733874131,42.6617241920723,-24.48
159.84,-25.172226985537,-34.9626534029201,42.6809507863729,-24.48
159.84,-25.6856534136523,-34.9585334184271,42.7001773806735,-24.48
159.84,-26.1990798417676,-34.9544134339341,42.7194039749741,-24.48
159.84,-26.7125062698829,-34.9502934494411,42.7386305692747,-24.48
159.84,-27.2259326979982,-34.9461734649481,42.7578571635753,-24.48
159.84,-27.7393591261135,-34.9420534804552,42.7770837578759,-24.48
159.84,-28.2527855542288,-34.9379334959622,42.7963103521765,-24.48
159.84,-28.7662119823441,-34.9338135114692,42.8155369464771,-24.48
159.84,-29.2796384104594,-34.9296935269762,42.8347635407777,-24.48
159.84,-29.7930648385747,-34.9255735424832,42.8539901350783,-24.48
159.84,-30.30649126669,-34.9214535579902,42.8732167293789,-24.48
159.84,-30.8199176948053,-34.9173335734972,42.8924433236795,-24.48
159.84,-31.3333441229206,-34.9132135890043,42.9116699179801,-24.48
159.84,-31.8467705510359,-34.9090936045113,42.9308965122807,-24.48
159.84,-32.3601969791512,-34.9049736200183,42.9501231065813,-24.48
159.84,-32.8736234072665,-34.9008536355253,42.9693497008819,-24.48
159.84,-33.3870498353818,-34.8967336510323,42.9885762951825,-24.48
159.84,-33.9004762634971,-34.8926136665393,43.0078028894831,-24.48
159.84,-34.4139026916124,-34.8884936820463,43.0270294837837,-24.48
159.84,-34.9273291197277,-34.8843736975534,43.0462560780843,-24.48
159.84,-35.440755547843,-34.8802537130604,43.0654826723849,-24.48
159.84,-35.9541819759583,-34.8761337285674,43.0847092666855,-24.48
159.84,-36.4676084040736,-34.8720137440744,43.1039358609861,-24.48
159.84,-36.981034832189,-34.8678937595814,43.1231624552867,-24.48
159.84,-37.4944612603042,-34.8637737750884,43.1423890495873,-24.48
159.84,-38.0078876884195,-34.8596537905954,43.1616156438879,-24.48
159.84,-38.5213141165348,-34.8555338061025,43.1808422381885,-24.48
159.84,-39.0347405446501,-34.8514138216095,43.2000688324891,-24.48
159.84,-39.5481669727654,-34.8472938371165,43.2192954267897,-24.48
159.84,-40.0615934008807,-34.8431738526235,43.2385220210903,-24.48
159.84,-40.575019828996,-34.8390538681305,43.2577486153909,-24.48
159.84,-41.0884462571113,-34.8349338836375,43.2769752096915,-24.48
159.84,-41.6018726852266,-34.8308138991446,43.2962018039921,-24.48
159.84,-42.1152991133419,-34.8266939146516,43.3154283982927,-24.48
159.84,-42.6287255414572,-34.8225739301586,43.3346549925933,-24.48
159.84,-43.1421519695725,-34.8184539456656,43.3538815868939,-24.48
159.84,-43.6555783976878,-34.8143339611726,43.3731081811945,-24.48
159.84,-44.1690048258031,-34.8102139766796,43.3923347754951,-24.48
159.84,-44.6824312539184,-34.8060939921866,43.4115613697957,-24.48
159.84,-45.1958576820337,-34.8019740076937,43.4307879640963,-24.48
159.84,-45.6,-34.8,43.4500145583969,-24.48
159.84,-45.6,-34.8,43.4692411526975,-24.48
159.84,-45.6,-34.8,43.4884677469981,-24.48
159.84,-45.6,-34.8,43.5076943412987,-24.48
159.84,-45.6,-34.8,43.5269209355993,-24.48
159.84,-45.6,-34.8,43.5461475298999,-24.48
159.84,-45.6,-34.8,43.5653741242005,-24.48
159.84,-45.6,-34.8,43.5846007185011,-24.48
159.84,-45.6,-34.8,43.6038273128017,-24.48
159.84,-45.6,-34.8,43.6230539071023,-24.48
159.84,-45.6,-34.8,43.6422805014029,-24.48
159.84,-45.6,-34.8,43.6615070957035,-24.48
159.84,-45.6,-34.8,43.6807336900041,-24.48
159.84,-45.6,-34.8,43.6999602843047,-24.48
159.84,-45.6,-34.8,43.7191868786053,-24.48
159.84,-45.6,-34.8,43.7384134729059,-24.48
159.84,-45.6,-34.8,43.7576400672065,-24.48
159.84,-45.6,-34.8,43.7768666615071,-24.48
159.84,-45.6,-34.8,43.7960932558077,-24.48
159.84,-45.6,-34.8,43.8153198501083,-24.48
159.84,-45.6,-34.8,43.8345464444089,-24.48
159.84,-45.6,-34.8,43.8537730387095,-24.48
159.84,-45.6,-34.8,43.8729996330101,-24.48
159.84,-45.6,-34.8,43.8922262273107,-24.48
159.84,-45.6,-34.8,43.9114528216113,-24.48
159.84,-45.6,-34.8,43.92,-24.48
159.84,-45.6,-34.8,43.92,-24.48
159.84,-45.6,-34.8,43.92,-24.48
159.84,-45.6,-34.8,43.92,-24.48
159.84,-45.6,-34.8,43.92,-24.48
159.84,-45.6,-34.8,43.92,-24.48
159.84,-45.6,-34.8,43.92,-24.48
159.84,-45.6,-34.8,43.92,-24.48
159.84,-45.6,-34.8,43.92,-24.48
159.84,-45.6,-34.8,43.92,-24.48
159.84,-45.6,-34.8,43.92,-24.48
159.84,-45.6,-34.8,43.92,-24.48
159.84,-45.6,-34.8,43.92,-24.48
159.84,-45.6,-34.8,43.92,-24.48
159.84,-45.6,-34.8,43.92,-24.48
159.84,-45.6,-34.8,43.92,-24.48
159.84,-45.6,-34.8,43.92,-24.48
159.84,-45.6,-34.8,43.92,-24.48
159.84,-45.6,-34.8,43.92,-24.48
159.84,-45.6,-34.8,43.92,-24.48
159.84,-45.6,-34.8,43.92,-24.48
159.84,-45.6,-34.8,43.92,-24.48
159.84,-45.6,-34.8,43.92,-24.48
159.84,-45.6,-34.8,43.92,-24.48
159.84,-45.6,-34.8,43.92,-24.48
159.84,-45.6,-34.8,43.92,-24.48
159.84,-45.6,-34.8,43.92,-24.48
159.84,-45.6,-34.8,43.92,-24.48
159.84,-45.6,-34.8,43.92,-24.48
159.84,-45.6,-34.8,43.92,-24.48
159.84,-45.6,-34.8,43.92,-24.48
159.84,-45.6,-34.8,43.92,-24.48
159.84,-45.6,-34.8,43.92,-24.48
159.84,-45.6,-34.8,43.92,-24.48
159.84,-45.6,-34.8,43.92,-24.48
159.84,-45.6,-34.8,43.92,-24.48
159.84,-45.6,-34.8,43.92,-24.48
159.84,-45.6,-34.8,43.92,-24.48
159.84,-45.6,-34.8,43.92,-24.48
159.84,-45.6,-34.8,43.92,-24.48
159.84,-45.6,-34.8,43.92,-24.48
159.84,-45.6,-34.8,43.92,-24.48
159.84,-45.6,-34.8,43.92,-24.48
159.84,-45.6,-34.8,43.92,-24.48
159.84,-45.6,-34.8,43.92,-24.48
159.84,-45.6,-34.8,43.92,-24.48
159.84,-45.6,-34.8,43.92,-24.48
159.84,-45.6,-34.8,43.92,-24.48
159.84,-45.6,-34.8,43.92,-24.48
159.84,-45.6,-34.8,43.92,-24.48
159.84,-45.6,-34.8,43.92,-24.48
159.84,-45.6,-34.8,43.92,-24.48
159.656563278061,-44.7604242342012,-34.6676017562099,43.8689548939604,-24.4776482471546
159.281789441495,-43.0451132129978,-34.5075264059241,43.8072390962599,-24.4728434543781
158.90701560493,-41.3298021917944,-34.3474510556383,43.7455232985593,-24.4680386616017
158.532241768364,-39.6144911705911,-34.1873757053525,43.6838075008588,-24.4632338688252
158.157467931799,-37.8991801493877,-34.0273003550667,43.6220917031582,-24.4584290760487
157.782694095234,-36.1838691281842,-33.8672250047809,43.5603759054577,-24.4536242832722
157.407920258668,-34.4685581069808,-33.707149654495,43.4986601077571,-24.4488194904957
157.033146422103,-32.7532470857775,-33.5470743042092,43.4369443100566,-24.4440146977193
156.658372585537,-31.0379360645741,-33.3869989539234,43.375228512356,-24.4392099049428
156.283598748972,-29.3226250433707,-33.2269236036376,43.3135127146555,-24.4344051121663
155.908824912406,-27.6073140221672,-33.0668482533518,43.2517969169549,-24.4296003193898
155.534051075841,-25.892003000964,-32.906772903066,43.1900811192544,-24.4247955266133
155.159277239275,-24.1766919797605,-32.7466975527802,43.1283653215538,-24.4199907338369
154.78450340271,-22.4613809585571,-32.5866222024944,43.0666495238533,-24.4151859410604
154.409729566145,-20.7460699373537,-32.4265468522086,43.0049337261527,-24.4103811482839
154.034955729579,-19.0307589161504,-32.2664715019228,42.9432179284521,-24.4055763555074
153.660181893014,-17.315447894947,-32.106396151637,42.8815021307516,-24.4007715627309
153.285408056448,-15.6001368737435,-31.9463208013512,42.819786333051,-24.3959667699544
152.910634219883,-13.8848258525401,-31.7862454510653,42.7580705353505,-24.391161977178
152.535860383317,-12.1695148313368,-31.6261701007795,42.6963547376499,-24.3863571844015
152.161086546752,-10.4542038101334,-31.4660947504937,42.6346389399494,-24.381552391625
151.786312710186,-8.73889278892997,-31.3060194002079,42.5729231422488,-24.3767475988485
151.411538873621,-7.02358176772654,-31.1459440499221,42.5112073445483,-24.3719428060721
151.036765037056,-5.30827074652329,-30.9858686996363,42.4494915468477,-24.3671380132956
150.66199120049,-3.59295972531983,-30.8257933493505,42.3877757491472,-24.3623332205191
150.287217363925,-1.8776487041164,-30.6657179990647,42.3260599514466,-24.3575284277426
149.912443527359,-0.162337682912967,-30.5056426487789,42.2643441537461,-24.3527236349661
149.537669690794,1.55297333829029,-30.3455672984931,42.2026283560455,-24.3479188421897
149.162895854228,3.26828435949371,-30.1854919482072,42.140912558345,-24.3431140494132
148.788122017663,4.98359538069717,-30.0254165979214,42.0791967606444,-24.3383092566367
148.413348181097,6.6989064019006,-29.8653412476356,42.0174809629439,-24.3335044638602
148.038574344532,8.41421742310385,-29.7052658973498,41.9557651652433,-24.3286996710837
147.663800507966,10.1295284443073,-29.545190547064,41.8940493675428,-24.3238948783072
147.289026671401,11.8448394655107,-29.3851151967782,41.8323335698422,-24.3190900855308
146.914252834836,13.5601504867142,-29.2250398464924,41.7706177721417,-24.3142852927543
146.53947899827,15.2754615079174,-29.0649644962066,41.7089019744411,-24.3094804999778
146.164705161705,16.9907725291209,-28.9048891459208,41.6471861767405,-24.3046757072013
145.789931325139,18.7060835503243,-28.744813795635,41.58547037904,-24.2998709144249
145.415157488574,20.4213945715277,-28.5847384453492,41.5237545813394,-24.2950661216484
145.040383652008,22.136705592731,-28.4246630950634,41.4620387836389,-24.2902613288719
144.665609815443,23.8520166139344,-28.2645877447776,41.4003229859383,-24.2854565360954
144.290835978877,25.5673276351379,-28.1045123944917,41.3386071882378,-24.2806517433189
143.916062142312,27.2826386563413,-27.9444370442059,41.2768913905372,-24.2758469505425
143.541288305747,28.9979496775446,-27.7843616939201,41.2151755928367,-24.271042157766
143.166514469181,30.713260698748,-27.6242863436343,41.1534597951361,-24.2662373649895
142.791740632616,32.4285717199514,-27.4642109933485,41.0917439974356,-24.261432572213
142.41696679605,34.1438827411549,-27.3041356430627,41.030028199735,-24.2566277794365
142.042192959485,35.8591937623581,-27.1440602927769,40.9683124020344,-24.2518229866601
141.667419122919,37.5745047835616,-26.9839849424911,40.9065966043339,-24.2470181938836
141.292645286354,39.289815804765,-26.8239095922053,40.8448808066334,-24.2422134011071
141.12,40.08,-26.6638342419194,40.7831650089328,-24.2374086083306
141.12,40.08,-26.5037588916337,40.7214492112323,-24.2326038155541
141.12,40.08,-26.3436835413478,40.6597334135317,-24.2277990227777
141.12,40.08,-26.183608191062,40.5980176158311,-24.2229942300012
141.12,40.08,-26.0235328407762,40.5363018181306,-24.2181894372247
141.12,40.08,-25.8634574904904,40.47458602043,-24.2133846444482
141.12,40.08,-25.7033821402046,40.4128702227295,-24.2085798516717
141.12,40.08,-25.5433067899188,40.3511544250289,-24.2037750588953
141.12,40.08,-25.383231439633,40.2894386273284,-24.1989702661188
141.12,40.08,-25.2231560893472,40.2277228296278,-24.1941654733423
141.12,40.08,-25.0630807390614,40.1660070319273,-24.1893606805658
141.12,40.08,-24.9030053887756,40.1042912342267,-24.1845558877893
141.12,40.08,-24.7429300384897,40.0425754365262,-24.1797510950129
141.12,40.08,-24.5828546882039,39.9808596388256,-24.1749463022364
141.12,40.08,-24.4227793379181,39.9191438411251,-24.1701415094599
141.12,40.08,-24.2627039876323,39.8574280434245,-24.1653367166834
141.12,40.08,-24.1026286373465,39.795712245724,-24.1605319239069
141.12,40.08,-23.9425532870607,39.7339964480234,-24.1557271311305
141.12,40.08,-23.7824779367749,39.6722806503229,-24.150922338354
141.12,40.08,-23.6224025864891,39.6105648526223,-24.1461175455775
141.12,40.08,-23.4623272362033,39.5488490549217,-24.141312752801
141.12,40.08,-23.3022518859175,39.4871332572212,-24.1365079600245
141.12,40.08,-23.1421765356316,39.4254174595206,-24.1317031672481
141.12,40.08,-22.9821011853459,39.3637016618201,-24.1268983744716
141.12,40.08,-22.82202583506,39.3019858641195,-24.1220935816951
141.12,40.08,-22.6619504847742,39.240270066419,-24.1172887889186
141.12,40.08,-22.5018751344884,39.1785542687184,-24.1124839961421
141.12,40.08,-22.3417997842026,39.1168384710179,-24.1076792033657
141.12,40.08,-22.1817244339168,39.0551226733173,-24.1028744105892
141.12,40.08,-22.021649083631,38.9934068756168,-24.0980696178127
141.12,40.08,-21.8615737333452,38.9316910779162,-24.0932648250362
141.12,40.08,-21.7014983830594,38.8699752802157,-24.0884600322597
141.12,40.08,-21.5414230327736,38.8082594825151,-24.0836552394833
141.12,40.08,-21.3813476824878,38.7465436848145,-24.0788504467068
141.12,40.08,-21.2212723322019,38.684827887114,-24.0740456539303
141.12,40.08,-21.0611969819161,38.6231120894135,-24.0692408611538
141.12,40.08,-20.9011216316303,38.5613962917129,-24.0644360683773
141.12,40.08,-20.7410462813445,38.4996804940124,-24.0596312756009
141.12,40.08,-20.5809709310587,38.4379646963118,-24.0548264828244
141.12,40.08,-20.4208955807729,38.3762488986112,-24.0500216900479
141.12,40.08,-20.2608202304871,38.3145331009107,-24.0452168972714
141.12,40.08,-20.1007448802013,38.2528173032101,-24.0404121044949
141.12,40.08,-19.9406695299155,38.1911015055096,-24.0356073117185
141.12,40.08,-19.7805941796297,38.129385707809,-24.030802518942
141.12,40.08,-19.6205188293439,38.0676699101085,-24.0259977261655
141.12,40.08,-19.460443479058,38.0059541124079,-24.021192933389
141.12,40.08,-19.3003681287722,37.9442383147074,-24.0163881406125
141.12,40.08,-19.1402927784864,37.8825225170068,-24.0115833478361
141.12,40.08,-18.9802174282006,37.8208067193063,-24.0067785550596
141.12,40.08,-18.8201420779148,37.7590909216057,-24.0019737622831
141.12,40.08,-18.660066727629,37.6973751239052,-24
141.12,40.08,-18.4999913773432,37.6356593262046,-24
141.12,40.08,-18.3399160270574,37.5739435285041,-24
141.12,40.08,-18.1798406767716,37.5122277308035,-24
141.12,40.08,-18.0197653264858,37.450511933103,-24
141.12,40.08,-17.8596899762,37.3887961354024,-24
141.12,40.08,-17.6996146259142,37.3270803377019,-24
141.12,40.08,-17.5395392756283,37.2653645400013,-24
141.12,40.08,-17.3794639253425,37.2036487423007,-24
141.12,40.08,-17.2193885750567,37.1419329446002,-24
141.12,40.08,-17.0593132247709,37.0802171468996,-24
141.12,40.08,-16.8992378744851,37.0185013491991,-24
141.12,40.08,-16.7391625241993,36.9567855514985,-24
141.12,40.08,-16.5790871739135,36.895069753798,-24
141.12,40.08,-16.4190118236277,36.8333539560974,-24
141.12,40.08,-16.2589364733419,36.7716381583969,-24
141.12,40.08,-16.098861123056,36.7099223606963,-24
141.12,40.08,-15.9387857727703,36.6482065629958,-24
141.12,40.08,-15.7787104224844,36.5864907652952,-24
141.12,40.08,-15.6186350721986,36.5247749675946,-24
141.12,40.08,-15.4585597219128,36.4630591698941,-24
141.12,40.08,-15.298484371627,36.4013433721935,-24
141.12,40.08,-15.1384090213412,36.339627574493,-24
141.12,40.08,-14.9783336710554,36.2779117767924,-24
141.12,40.08,-14.88,36.24,-24
